<?xml version = '1.0' encoding = 'UTF-8'?>
<Diagram class="oracle.dbtools.crest.swingui.relational.DPVRelational" name="Relational_1" id="4C9FC06B-4B9E-E544-F30D-8B10C0C02AF4">
<createdBy>DAKI</createdBy>
<modifiedBy>DAKI</modifiedBy>
<createdTime>2025-06-24 17:08:02 UTC</createdTime>
<autoRoute>false</autoRoute>
<boxInbox>true</boxInbox>
<showLegend>false</showLegend>
<showLabels>false</showLabels>
<showRelAttributes>false</showRelAttributes>
<gridEnabled>false</gridEnabled>
<showGrid>false</showGrid>
<diagramColor>-1</diagramColor>
<display>false</display>
<notation>1</notation>
<objectViews>
<OView class="oracle.dbtools.crest.swingui.relational.TVTable" oid="29AA9448-ED53-F11E-F567-4F25766892B1" otype="Table" vid="E581F3B3-E14C-4792-2083-EEE458E032B0">
<hideElementsInCurrentOnly>false</hideElementsInCurrentOnly>
<bounds x="611" y="506" width="229" height="127"/>
</OView>
<OView class="oracle.dbtools.crest.swingui.relational.TVTable" oid="4291F9B5-0A70-B47B-1E42-5FA7DB7CEF52" otype="Table" vid="4862FC64-BEA1-8DFC-B603-5C111DC1B48D">
<hideElementsInCurrentOnly>false</hideElementsInCurrentOnly>
<bounds x="72" y="87" width="212" height="144"/>
</OView>
<OView class="oracle.dbtools.crest.swingui.relational.TVTable" oid="9B571058-AF65-F638-A0DE-2117CF22B510" otype="Table" vid="680194BB-8D00-FCA6-5E94-0D5431D67948">
<hideElementsInCurrentOnly>false</hideElementsInCurrentOnly>
<bounds x="615" y="301" width="218" height="146"/>
</OView>
<OView class="oracle.dbtools.crest.swingui.relational.TVTable" oid="A1B56C7F-001A-2609-391A-025A0145C8E5" otype="Table" vid="A416B193-8C00-2CBF-5822-698D26E2E5C8">
<hideElementsInCurrentOnly>false</hideElementsInCurrentOnly>
<bounds x="337" y="99" width="213" height="119"/>
</OView>
<OView class="oracle.dbtools.crest.swingui.relational.TVTable" oid="DC1E2D92-DF7F-13CD-45BF-BDC5B22D031F" otype="Table" vid="8ACAF56B-47F3-C689-4F7A-8B9E597991AD">
<hideElementsInCurrentOnly>false</hideElementsInCurrentOnly>
<bounds x="613" y="85" width="213" height="144"/>
</OView>
</objectViews>
<connectors>
<Connector class="oracle.dbtools.crest.swingui.relational.TVFKRelation" oid="1F0ADC68-CEAE-BB24-F4E1-E4B119F78787" otype="FKIndexAssociation" vid_source="E581F3B3-E14C-4792-2083-EEE458E032B0" vid_target="680194BB-8D00-FCA6-5E94-0D5431D67948">
<hideElementsInCurrentOnly>false</hideElementsInCurrentOnly>
<backgroundColor>-16777216</backgroundColor>
<lineWidth>1</lineWidth>
<points>
<point x="724" y="506"/>
<point x="724" y="447"/>
</points>
</Connector>
<Connector class="oracle.dbtools.crest.swingui.relational.TVFKRelation" oid="5A777E3A-8E44-6D7B-D3BC-AA4FF6759775" otype="FKIndexAssociation" vid_source="8ACAF56B-47F3-C689-4F7A-8B9E597991AD" vid_target="A416B193-8C00-2CBF-5822-698D26E2E5C8">
<hideElementsInCurrentOnly>false</hideElementsInCurrentOnly>
<backgroundColor>-16777216</backgroundColor>
<lineWidth>1</lineWidth>
<points>
<point x="613" y="158"/>
<point x="550" y="158"/>
</points>
</Connector>
<Connector class="oracle.dbtools.crest.swingui.relational.TVFKRelation" oid="878C9DCC-F404-0618-9D5A-21D388749DC7" otype="FKIndexAssociation" vid_source="8ACAF56B-47F3-C689-4F7A-8B9E597991AD" vid_target="680194BB-8D00-FCA6-5E94-0D5431D67948">
<hideElementsInCurrentOnly>false</hideElementsInCurrentOnly>
<backgroundColor>-16777216</backgroundColor>
<lineWidth>1</lineWidth>
<points>
<point x="720" y="229"/>
<point x="720" y="301"/>
</points>
</Connector>
<Connector class="oracle.dbtools.crest.swingui.relational.TVFKRelation" oid="A554CBF1-C967-C191-DB62-8390BD4E9BAF" otype="FKIndexAssociation" vid_source="4862FC64-BEA1-8DFC-B603-5C111DC1B48D" vid_target="A416B193-8C00-2CBF-5822-698D26E2E5C8">
<hideElementsInCurrentOnly>false</hideElementsInCurrentOnly>
<backgroundColor>-16777216</backgroundColor>
<lineWidth>1</lineWidth>
<points>
<point x="284" y="158"/>
<point x="337" y="158"/>
</points>
</Connector>
</connectors>
</Diagram>