<?xml version = '1.0' encoding = 'UTF-8'?>
<Diagram class="oracle.dbtools.crest.swingui.relational.DPVRelational" name="Relational_6" id="612F1578-27D1-59CC-C5D5-33B22FFF7E15">
<createdBy>DAKI</createdBy>
<modifiedBy>DAKI</modifiedBy>
<createdTime>2025-07-08 09:31:02 UTC</createdTime>
<autoRoute>false</autoRoute>
<boxInbox>true</boxInbox>
<showLegend>false</showLegend>
<showLabels>false</showLabels>
<showRelAttributes>false</showRelAttributes>
<gridEnabled>false</gridEnabled>
<showGrid>false</showGrid>
<diagramColor>-1</diagramColor>
<display>false</display>
<notation>1</notation>
<objectViews>
<OView class="oracle.dbtools.crest.swingui.relational.TVTable" oid="0B45952F-78E0-0767-D025-0B6E0BCF12FF" otype="Table" vid="D9DD78AA-56B8-39F7-9FA7-3EA0075FDB9E">
<hideElementsInCurrentOnly>false</hideElementsInCurrentOnly>
<bounds x="640" y="103" width="180" height="144"/>
</OView>
<OView class="oracle.dbtools.crest.swingui.relational.TVTable" oid="4575CB49-D7FC-7CB1-8444-AE5B2D7BFB67" otype="Table" vid="3F24236D-3428-9779-3242-655AB3BED9D7">
<hideElementsInCurrentOnly>false</hideElementsInCurrentOnly>
<bounds x="619" y="313" width="221" height="136"/>
</OView>
<OView class="oracle.dbtools.crest.swingui.relational.TVTable" oid="5D414B7D-D9B6-649F-BA01-729B23A123F3" otype="Table" vid="97529AE1-18A3-6220-D6D5-81E8CEB00445">
<hideElementsInCurrentOnly>false</hideElementsInCurrentOnly>
<bounds x="633" y="527" width="211" height="120"/>
</OView>
<OView class="oracle.dbtools.crest.swingui.relational.TVTable" oid="95D0A4C4-1D60-C56B-1E94-270092C03AA5" otype="Table" vid="8F6DCA57-6B1A-08AD-649F-4E9B68533CAA">
<hideElementsInCurrentOnly>false</hideElementsInCurrentOnly>
<bounds x="356" y="123" width="210" height="110"/>
</OView>
<OView class="oracle.dbtools.crest.swingui.relational.TVTable" oid="EE52057D-6774-E353-9FC6-16225860D7DD" otype="Table" vid="02EBA379-C272-9368-EE11-6FE5D3814E02">
<hideElementsInCurrentOnly>false</hideElementsInCurrentOnly>
<bounds x="78" y="99" width="210" height="152"/>
</OView>
</objectViews>
<connectors>
<Connector class="oracle.dbtools.crest.swingui.relational.TVFKRelation" oid="1FEA32B6-1A6C-A6FE-54BC-CF2AC9EC90B4" otype="FKIndexAssociation" vid_source="D9DD78AA-56B8-39F7-9FA7-3EA0075FDB9E" vid_target="8F6DCA57-6B1A-08AD-649F-4E9B68533CAA">
<hideElementsInCurrentOnly>false</hideElementsInCurrentOnly>
<backgroundColor>-16777216</backgroundColor>
<lineWidth>1</lineWidth>
<points>
<point x="640" y="178"/>
<point x="566" y="178"/>
</points>
</Connector>
<Connector class="oracle.dbtools.crest.swingui.relational.TVFKRelation" oid="294F4BBD-A8E7-6DCA-18AE-FD4E5E5213D4" otype="FKIndexAssociation" vid_source="02EBA379-C272-9368-EE11-6FE5D3814E02" vid_target="8F6DCA57-6B1A-08AD-649F-4E9B68533CAA">
<hideElementsInCurrentOnly>false</hideElementsInCurrentOnly>
<backgroundColor>-16777216</backgroundColor>
<lineWidth>1</lineWidth>
<points>
<point x="288" y="178"/>
<point x="356" y="178"/>
</points>
</Connector>
<Connector class="oracle.dbtools.crest.swingui.relational.TVFKRelation" oid="765DE53D-3BE6-CB37-92CE-A88E5C415D72" otype="FKIndexAssociation" vid_source="97529AE1-18A3-6220-D6D5-81E8CEB00445" vid_target="3F24236D-3428-9779-3242-655AB3BED9D7">
<hideElementsInCurrentOnly>false</hideElementsInCurrentOnly>
<backgroundColor>-16777216</backgroundColor>
<lineWidth>1</lineWidth>
<points>
<point x="736" y="527"/>
<point x="736" y="449"/>
</points>
</Connector>
<Connector class="oracle.dbtools.crest.swingui.relational.TVFKRelation" oid="C9CC0B64-FC43-A617-3EA7-79EA3EBA7A04" otype="FKIndexAssociation" vid_source="D9DD78AA-56B8-39F7-9FA7-3EA0075FDB9E" vid_target="3F24236D-3428-9779-3242-655AB3BED9D7">
<hideElementsInCurrentOnly>false</hideElementsInCurrentOnly>
<backgroundColor>-16777216</backgroundColor>
<lineWidth>1</lineWidth>
<points>
<point x="730" y="247"/>
<point x="730" y="313"/>
</points>
</Connector>
</connectors>
</Diagram>