<?xml version = '1.0' encoding = 'UTF-8'?>
<Table class="oracle.dbtools.crest.model.design.relational.Table" directorySegmentName="seg_0" id="60E53638-F041-BB82-303A-0DB2C71152D1" name="Knjiga">
<createdBy>DAKI</createdBy>
<createdTime>2025-06-24 16:23:57 UTC</createdTime>
<generatorID>C9260A9E-6A1B-BD4A-EC17-54093F9A1778</generatorID>
<ownerDesignName>projekatC</ownerDesignName>
<allowColumnReorder>false</allowColumnReorder>
<existDependencyGenerateInDDl>true</existDependencyGenerateInDDl>
<parsed>true</parsed>
<columns itemClass="oracle.dbtools.crest.model.design.relational.Column">
<Column name="IDK" id="3BC23C84-C5BE-97AE-FCB9-5172181AC8BA">
<createdBy>DAKI</createdBy>
<createdTime>2025-06-24 16:23:57 UTC</createdTime>
<generatorID>9E0024B1-A239-0726-9145-944E8AE16212</generatorID>
<ownerDesignName>projekatC</ownerDesignName>
<useDomainConstraints>false</useDomainConstraints>
<use>1</use>
<logicalDatatype>LOGDT011</logicalDatatype>
<ownDataTypeParameters>,,</ownDataTypeParameters>
<autoIncrementCycle>false</autoIncrementCycle>
</Column>
<Column name="NASLOV" id="FB4DF505-909C-D55E-7CE2-3C2CC51F0FE5">
<createdBy>DAKI</createdBy>
<createdTime>2025-06-24 16:23:57 UTC</createdTime>
<generatorID>A08E4A27-71C5-7F15-2DBD-7D2AF5345D0A</generatorID>
<ownerDesignName>projekatC</ownerDesignName>
<useDomainConstraints>false</useDomainConstraints>
<use>1</use>
<logicalDatatype>LOGDT024</logicalDatatype>
<dataTypeSize>50 CHAR</dataTypeSize>
<ownDataTypeParameters>50 CHAR,,</ownDataTypeParameters>
<autoIncrementCycle>false</autoIncrementCycle>
</Column>
<Column name="GODIZD" id="182754D3-1630-42AE-3DDF-4A3D6CD2AD2C">
<createdBy>DAKI</createdBy>
<createdTime>2025-06-24 16:23:57 UTC</createdTime>
<generatorID>6F7AFEE8-1105-7F99-A4BB-75A11E64DBC0</generatorID>
<ownerDesignName>projekatC</ownerDesignName>
<useDomainConstraints>false</useDomainConstraints>
<use>1</use>
<logicalDatatype>LOGDT011</logicalDatatype>
<ownDataTypeParameters>,,</ownDataTypeParameters>
<autoIncrementCycle>false</autoIncrementCycle>
</Column>
<Column name="BRDP" id="E97005CB-B80A-3A98-37B3-A1D99EE848BF">
<createdBy>DAKI</createdBy>
<createdTime>2025-06-24 16:23:57 UTC</createdTime>
<generatorID>094043D4-CD37-653D-A28C-8FBA2A38D3EF</generatorID>
<ownerDesignName>projekatC</ownerDesignName>
<useDomainConstraints>false</useDomainConstraints>
<use>1</use>
<logicalDatatype>LOGDT011</logicalDatatype>
<ownDataTypeParameters>,,</ownDataTypeParameters>
<autoIncrementCycle>false</autoIncrementCycle>
</Column>
<Column name="KAT" id="AB68D2DE-ADD5-AF08-C24D-64BECA677F01">
<createdBy>DAKI</createdBy>
<createdTime>2025-06-24 16:23:57 UTC</createdTime>
<generatorID>0AE90E81-4594-64DA-C3B9-279A3DA86E61</generatorID>
<ownerDesignName>projekatC</ownerDesignName>
<useDomainConstraints>false</useDomainConstraints>
<use>1</use>
<logicalDatatype>LOGDT024</logicalDatatype>
<dataTypeSize>50 CHAR</dataTypeSize>
<ownDataTypeParameters>50 CHAR,,</ownDataTypeParameters>
<autoIncrementCycle>false</autoIncrementCycle>
</Column>
</columns>
<indexes itemClass="oracle.dbtools.crest.model.design.relational.Index">
<ind_PK_UK id="A783BDE2-5CEC-5792-82AC-444C35E84DDA" name="Knjiga_PK">
<createdBy>DAKI</createdBy>
<createdTime>2025-06-24 16:23:57 UTC</createdTime>
<generatorID>BA2D2BF2-ACCB-B94C-3CB9-53307DC07C92</generatorID>
<ownerDesignName>projekatC</ownerDesignName>
<pk>true</pk>
<indexState>Primary Constraint</indexState>
<isSurrogateKey>false</isSurrogateKey>
<indexColumnUsage>
<colUsage columnID="3BC23C84-C5BE-97AE-FCB9-5172181AC8BA"/>
</indexColumnUsage>
</ind_PK_UK>
</indexes>
</Table>