<?xml version = '1.0' encoding = 'UTF-8'?>
<Table class="oracle.dbtools.crest.model.design.relational.Table" directorySegmentName="seg_0" id="B9F30F7E-D37A-3461-7E69-A228E1068E4B" name="Clan">
<createdBy>DAKI</createdBy>
<createdTime>2025-06-24 16:23:57 UTC</createdTime>
<generatorID>449F8EA6-0D1A-8B58-3973-0A5800B4DAC1</generatorID>
<ownerDesignName>projekatC</ownerDesignName>
<allowColumnReorder>false</allowColumnReorder>
<existDependencyGenerateInDDl>true</existDependencyGenerateInDDl>
<parsed>true</parsed>
<columns itemClass="oracle.dbtools.crest.model.design.relational.Column">
<Column name="IDC" id="5716858F-51FD-6011-29DE-B75F74C9FB68">
<createdBy>DAKI</createdBy>
<createdTime>2025-06-24 16:23:57 UTC</createdTime>
<generatorID>01B2AFC8-16ED-DE19-B749-0FC15AF27274</generatorID>
<ownerDesignName>projekatC</ownerDesignName>
<useDomainConstraints>false</useDomainConstraints>
<use>1</use>
<logicalDatatype>LOGDT011</logicalDatatype>
<ownDataTypeParameters>,,</ownDataTypeParameters>
<autoIncrementCycle>false</autoIncrementCycle>
</Column>
<Column name="IME" id="F0E76504-0A28-7C32-BA94-BF117CD41FCD">
<createdBy>DAKI</createdBy>
<createdTime>2025-06-24 16:23:57 UTC</createdTime>
<generatorID>CCFE590E-D392-6E32-FAB9-A020127CBB4E</generatorID>
<ownerDesignName>projekatC</ownerDesignName>
<useDomainConstraints>false</useDomainConstraints>
<use>1</use>
<logicalDatatype>LOGDT024</logicalDatatype>
<dataTypeSize>50 CHAR</dataTypeSize>
<ownDataTypeParameters>50 CHAR,,</ownDataTypeParameters>
<autoIncrementCycle>false</autoIncrementCycle>
</Column>
<Column name="PREZIME" id="6335F086-4FA0-0661-A7AE-DBBA724EEDD2">
<createdBy>DAKI</createdBy>
<createdTime>2025-06-24 16:23:57 UTC</createdTime>
<generatorID>140E1E44-0D88-55C9-07BF-D6ACA9914C25</generatorID>
<ownerDesignName>projekatC</ownerDesignName>
<useDomainConstraints>false</useDomainConstraints>
<use>1</use>
<logicalDatatype>LOGDT024</logicalDatatype>
<dataTypeSize>50 CHAR</dataTypeSize>
<ownDataTypeParameters>50 CHAR,,</ownDataTypeParameters>
<autoIncrementCycle>false</autoIncrementCycle>
</Column>
</columns>
<indexes itemClass="oracle.dbtools.crest.model.design.relational.Index">
<ind_PK_UK id="DDC8B37E-C3EE-A08E-24ED-73FCEAA4AA9D" name="Clan_PK">
<createdBy>DAKI</createdBy>
<createdTime>2025-06-24 16:23:57 UTC</createdTime>
<generatorID>6F9ABAA0-CF85-4FE5-ACB0-B21B38E3CF2F</generatorID>
<ownerDesignName>projekatC</ownerDesignName>
<pk>true</pk>
<indexState>Primary Constraint</indexState>
<isSurrogateKey>false</isSurrogateKey>
<indexColumnUsage>
<colUsage columnID="5716858F-51FD-6011-29DE-B75F74C9FB68"/>
</indexColumnUsage>
</ind_PK_UK>
</indexes>
</Table>