<?xml version = '1.0' encoding = 'UTF-8'?>
<Table class="oracle.dbtools.crest.model.design.relational.Table" directorySegmentName="seg_0" id="F142FE7C-EBDA-9F0C-6101-A1792059933D" name="Napisati">
<createdBy>DAKI</createdBy>
<createdTime>2025-06-24 16:23:57 UTC</createdTime>
<ownerDesignName>projekatC</ownerDesignName>
<allowColumnReorder>false</allowColumnReorder>
<existDependencyGenerateInDDl>true</existDependencyGenerateInDDl>
<parsed>true</parsed>
<columns itemClass="oracle.dbtools.crest.model.design.relational.Column">
<Column name="Autor_IDA" id="9580F972-3738-DA1B-9141-50CBAA132AE6">
<createdBy>DAKI</createdBy>
<createdTime>2025-06-24 16:23:57 UTC</createdTime>
<ownerDesignName>projekatC</ownerDesignName>
<useDomainConstraints>false</useDomainConstraints>
<use>1</use>
<logicalDatatype>LOGDT011</logicalDatatype>
<ownDataTypeParameters>,,</ownDataTypeParameters>
<previousColumn>false</previousColumn>
<autoIncrementCycle>false</autoIncrementCycle>
<associations>
<colAssociation fkAssociation="65451328-A5D5-5440-2214-F0E1EBE309C5" referredColumn="DEE1E823-5A56-7125-DE5F-0D43B232169D"/>
</associations>
</Column>
<Column name="Knjiga_IDK" id="01B51CA1-5502-B321-A43E-DFF6040441DD">
<createdBy>DAKI</createdBy>
<createdTime>2025-06-24 16:23:57 UTC</createdTime>
<ownerDesignName>projekatC</ownerDesignName>
<useDomainConstraints>false</useDomainConstraints>
<use>1</use>
<logicalDatatype>LOGDT011</logicalDatatype>
<ownDataTypeParameters>,,</ownDataTypeParameters>
<previousColumn>false</previousColumn>
<autoIncrementCycle>false</autoIncrementCycle>
<associations>
<colAssociation fkAssociation="D95BB6E2-8577-6819-605A-4E74070440A4" referredColumn="3BC23C84-C5BE-97AE-FCB9-5172181AC8BA"/>
</associations>
</Column>
</columns>
<indexes itemClass="oracle.dbtools.crest.model.design.relational.Index">
<ind_PK_UK id="50AAFD03-18A6-F834-13B3-304423A6FB18" name="Napisati_PK">
<createdBy>DAKI</createdBy>
<createdTime>2025-06-24 16:23:57 UTC</createdTime>
<ownerDesignName>projekatC</ownerDesignName>
<pk>true</pk>
<indexState>Primary Constraint</indexState>
<isSurrogateKey>false</isSurrogateKey>
<indexColumnUsage>
<colUsage columnID="9580F972-3738-DA1B-9141-50CBAA132AE6"/>
<colUsage columnID="01B51CA1-5502-B321-A43E-DFF6040441DD"/>
</indexColumnUsage>
</ind_PK_UK>
<ind_PK_UK id="CF59E19C-E5C2-3DB8-282C-0664CB6FD751" name="Napisati_Autor_FK">
<createdBy>DAKI</createdBy>
<createdTime>2025-06-24 16:23:57 UTC</createdTime>
<generatorID>09CB3814-ED1A-54DF-21D4-F1ADF6172EC6</generatorID>
<ownerDesignName>projekatC</ownerDesignName>
<indexState>Foreign Key</indexState>
<isSurrogateKey>false</isSurrogateKey>
<indexColumnUsage>
<colUsage columnID="9580F972-3738-DA1B-9141-50CBAA132AE6"/>
</indexColumnUsage>
</ind_PK_UK>
<ind_PK_UK id="77036CA3-0A8B-278A-1A5B-61507F82E5C9" name="Napisati_Knjiga_FK">
<createdBy>DAKI</createdBy>
<createdTime>2025-06-24 16:23:57 UTC</createdTime>
<generatorID>09CB3814-ED1A-54DF-21D4-F1ADF6172EC6</generatorID>
<ownerDesignName>projekatC</ownerDesignName>
<indexState>Foreign Key</indexState>
<isSurrogateKey>false</isSurrogateKey>
<indexColumnUsage>
<colUsage columnID="01B51CA1-5502-B321-A43E-DFF6040441DD"/>
</indexColumnUsage>
</ind_PK_UK>
</indexes>
</Table>