<?xml version = '1.0' encoding = 'UTF-8'?>
<Diagram class="oracle.dbtools.crest.swingui.relational.DPVRelational" name="Relational_4" id="FA1FDF3F-BAFE-17A0-9BBC-C68BEC557146">
<createdBy>DAKI</createdBy>
<modifiedBy>DAKI</modifiedBy>
<createdTime>2025-06-24 16:23:38 UTC</createdTime>
<autoRoute>false</autoRoute>
<boxInbox>true</boxInbox>
<showLegend>false</showLegend>
<showLabels>false</showLabels>
<showRelAttributes>false</showRelAttributes>
<gridEnabled>false</gridEnabled>
<showGrid>false</showGrid>
<diagramColor>-1</diagramColor>
<display>false</display>
<notation>1</notation>
<objectViews>
<OView class="oracle.dbtools.crest.swingui.relational.TVTable" oid="60E53638-F041-BB82-303A-0DB2C71152D1" otype="Table" vid="F214C161-2DBB-EB56-1F9E-A5470012675F">
<hideElementsInCurrentOnly>false</hideElementsInCurrentOnly>
<bounds x="620" y="83" width="208" height="144"/>
</OView>
<OView class="oracle.dbtools.crest.swingui.relational.TVTable" oid="B9F30F7E-D37A-3461-7E69-A228E1068E4B" otype="Table" vid="105D1B6E-2A40-5224-D4E7-1CFDFE179162">
<hideElementsInCurrentOnly>false</hideElementsInCurrentOnly>
<bounds x="620" y="529" width="214" height="143"/>
</OView>
<OView class="oracle.dbtools.crest.swingui.relational.TVTable" oid="CD6DDFCC-9824-9E2A-F697-2E6ABD7F51AC" otype="Table" vid="46C5A8FB-A105-9D00-67E6-60499DB2B647">
<hideElementsInCurrentOnly>false</hideElementsInCurrentOnly>
<bounds x="38" y="78" width="207" height="144"/>
</OView>
<OView class="oracle.dbtools.crest.swingui.relational.TVTable" oid="F142FE7C-EBDA-9F0C-6101-A1792059933D" otype="Table" vid="4DE3E7CF-FAC7-C521-9B78-B65C6B79626D">
<hideElementsInCurrentOnly>false</hideElementsInCurrentOnly>
<bounds x="314" y="92" width="231" height="110"/>
</OView>
<OView class="oracle.dbtools.crest.swingui.relational.TVTable" oid="FC58C74B-2C37-1CE4-F406-7D5B2ADE21CB" otype="Table" vid="4874435E-45EB-7C03-8E5D-F4E587F9D990">
<hideElementsInCurrentOnly>false</hideElementsInCurrentOnly>
<bounds x="614" y="316" width="212" height="142"/>
</OView>
</objectViews>
<connectors>
<Connector class="oracle.dbtools.crest.swingui.relational.TVFKRelation" oid="1150C943-D4BF-541C-BBCA-F1F1B3B67382" otype="FKIndexAssociation" vid_source="105D1B6E-2A40-5224-D4E7-1CFDFE179162" vid_target="4874435E-45EB-7C03-8E5D-F4E587F9D990">
<hideElementsInCurrentOnly>false</hideElementsInCurrentOnly>
<backgroundColor>-16777216</backgroundColor>
<lineWidth>1</lineWidth>
<points>
<point x="723" y="529"/>
<point x="723" y="458"/>
</points>
</Connector>
<Connector class="oracle.dbtools.crest.swingui.relational.TVFKRelation" oid="65451328-A5D5-5440-2214-F0E1EBE309C5" otype="FKIndexAssociation" vid_source="46C5A8FB-A105-9D00-67E6-60499DB2B647" vid_target="4DE3E7CF-FAC7-C521-9B78-B65C6B79626D">
<hideElementsInCurrentOnly>false</hideElementsInCurrentOnly>
<backgroundColor>-16777216</backgroundColor>
<lineWidth>1</lineWidth>
<points>
<point x="245" y="147"/>
<point x="314" y="147"/>
</points>
</Connector>
<Connector class="oracle.dbtools.crest.swingui.relational.TVFKRelation" oid="A6CBB077-95DB-7031-C482-29CFF9CD843A" otype="FKIndexAssociation" vid_source="F214C161-2DBB-EB56-1F9E-A5470012675F" vid_target="4874435E-45EB-7C03-8E5D-F4E587F9D990">
<hideElementsInCurrentOnly>false</hideElementsInCurrentOnly>
<backgroundColor>-16777216</backgroundColor>
<lineWidth>1</lineWidth>
<points>
<point x="723" y="227"/>
<point x="723" y="316"/>
</points>
</Connector>
<Connector class="oracle.dbtools.crest.swingui.relational.TVFKRelation" oid="D95BB6E2-8577-6819-605A-4E74070440A4" otype="FKIndexAssociation" vid_source="F214C161-2DBB-EB56-1F9E-A5470012675F" vid_target="4DE3E7CF-FAC7-C521-9B78-B65C6B79626D">
<hideElementsInCurrentOnly>false</hideElementsInCurrentOnly>
<backgroundColor>-16777216</backgroundColor>
<lineWidth>1</lineWidth>
<points>
<point x="620" y="147"/>
<point x="545" y="147"/>
</points>
</Connector>
</connectors>
</Diagram>