<?xml version = '1.0' encoding = 'UTF-8'?>
<FKIndexAssociation class="oracle.dbtools.crest.model.design.relational.FKIndexAssociation" directorySegmentName="seg_0" id="1332EF10-F4CD-0223-49FC-09AA216F91FF" containerWithKeyObject="C1B27F1E-1E4C-3F2E-2ED3-D9B1D63A076D" localFKIndex="28F2DF90-A1F5-C35F-2D25-0D6EA048BB44" name="Napisati_Autor_FK">
<createdBy>DAKI</createdBy>
<createdTime>2025-06-24 15:53:24 UTC</createdTime>
<generatorID>09CB3814-ED1A-54DF-21D4-F1ADF6172EC6</generatorID>
<ownerDesignName>projekatC</ownerDesignName>
<referredTableLongName>Autor</referredTableLongName>
<deleteRule>NO ACTION</deleteRule>
<referredTableID>B8D055EB-7412-C43E-D32B-B21B5BEC7192</referredTableID>
<keyObject>6D31D900-C625-4B6E-F861-822B72F5C4B6</keyObject>
<referredKeyID>6D31D900-C625-4B6E-F861-822B72F5C4B6</referredKeyID>
<mandatory>true</mandatory>
<refColNames>IDA</refColNames>
<transferable>true</transferable>
<rely>false</rely>
<columnDependencyConstraintGenerateInDDL>true</columnDependencyConstraintGenerateInDDL>
</FKIndexAssociation>