<?xml version = '1.0' encoding = 'UTF-8'?>
<FKIndexAssociation class="oracle.dbtools.crest.model.design.relational.FKIndexAssociation" directorySegmentName="seg_0" id="2049E8A9-982C-4481-7DFB-FA9D2F75392E" containerWithKeyObject="C1B27F1E-1E4C-3F2E-2ED3-D9B1D63A076D" localFKIndex="64D76EF2-FFAB-44B1-5B0A-9740E11BF63C" name="Napisati_Knjiga_FK">
<createdBy>DAKI</createdBy>
<createdTime>2025-06-24 15:53:24 UTC</createdTime>
<generatorID>09CB3814-ED1A-54DF-21D4-F1ADF6172EC6</generatorID>
<ownerDesignName>projekatC</ownerDesignName>
<referredTableLongName>Knjiga</referredTableLongName>
<deleteRule>NO ACTION</deleteRule>
<referredTableID>EC16B3AE-000A-68D9-59ED-990CA050C1B8</referredTableID>
<keyObject>A477A5B2-5E39-6478-DCEA-C4DA1C35EA32</keyObject>
<referredKeyID>A477A5B2-5E39-6478-DCEA-C4DA1C35EA32</referredKeyID>
<mandatory>true</mandatory>
<refColNames>IDK</refColNames>
<transferable>true</transferable>
<rely>false</rely>
<columnDependencyConstraintGenerateInDDL>true</columnDependencyConstraintGenerateInDDL>
</FKIndexAssociation>