<?xml version = '1.0' encoding = 'UTF-8'?>
<FKIndexAssociation class="oracle.dbtools.crest.model.design.relational.FKIndexAssociation" directorySegmentName="seg_0" id="21AD04B8-797F-0039-AAC0-9F5AF3AB4D1C" containerWithKeyObject="A578C7A7-2C04-3FB4-5935-A295C5456B27" localFKIndex="37B35945-83DE-089A-19CC-5C493ECC19E4" name="Relation_2_Clan_FK">
<createdBy>DAKI</createdBy>
<createdTime>2025-06-24 15:53:24 UTC</createdTime>
<generatorID>F4EC1D45-8CBD-2662-ABAB-B27C52792AAE</generatorID>
<ownerDesignName>projekatC</ownerDesignName>
<referredTableLongName>Clan</referredTableLongName>
<deleteRule>NO ACTION</deleteRule>
<referredTableID>59E73534-7C89-0717-098B-211DF15CB25A</referredTableID>
<keyObject>ED306FFA-0BA2-4762-3025-B49BF268AF70</keyObject>
<referredKeyID>ED306FFA-0BA2-4762-3025-B49BF268AF70</referredKeyID>
<mandatory>true</mandatory>
<refColNames>IDC</refColNames>
<transferable>true</transferable>
<rely>false</rely>
<columnDependencyConstraintGenerateInDDL>true</columnDependencyConstraintGenerateInDDL>
</FKIndexAssociation>