<?xml version = '1.0' encoding = 'UTF-8'?>
<FKIndexAssociation class="oracle.dbtools.crest.model.design.relational.FKIndexAssociation" directorySegmentName="seg_0" id="9D764134-094E-0937-72A5-ADBDB2F8BB49" containerWithKeyObject="8111A144-2B9B-8F41-85FF-4150211F7831" localFKIndex="D5CC6D60-61A9-175D-986A-A8678E14BD6B" name="Pozajmiti_Knjiga_FK">
<createdBy>DAKI</createdBy>
<createdTime>2025-06-24 15:57:00 UTC</createdTime>
<generatorID>7B0AA2BD-BEB0-703C-1D21-4BA65E60F954</generatorID>
<ownerDesignName>projekatC</ownerDesignName>
<referredTableLongName>Knjiga</referredTableLongName>
<deleteRule>NO ACTION</deleteRule>
<referredTableID>EC16B3AE-000A-68D9-59ED-990CA050C1B8</referredTableID>
<keyObject>A477A5B2-5E39-6478-DCEA-C4DA1C35EA32</keyObject>
<referredKeyID>A477A5B2-5E39-6478-DCEA-C4DA1C35EA32</referredKeyID>
<mandatory>true</mandatory>
<refColNames>IDK</refColNames>
<transferable>true</transferable>
<rely>false</rely>
<columnDependencyConstraintGenerateInDDL>true</columnDependencyConstraintGenerateInDDL>
</FKIndexAssociation>