<?xml version = '1.0' encoding = 'UTF-8'?>
<FKIndexAssociation class="oracle.dbtools.crest.model.design.relational.FKIndexAssociation" directorySegmentName="seg_0" id="CADB51AD-CA5C-9E00-DBEB-01B616A7780B" containerWithKeyObject="A578C7A7-2C04-3FB4-5935-A295C5456B27" localFKIndex="59FFA91B-4B71-4759-B6ED-6EDA7A03F8B1" name="Relation_2_Knjiga_FK">
<createdBy>DAKI</createdBy>
<createdTime>2025-06-24 15:53:24 UTC</createdTime>
<generatorID>F4EC1D45-8CBD-2662-ABAB-B27C52792AAE</generatorID>
<ownerDesignName>projekatC</ownerDesignName>
<referredTableLongName>Knjiga</referredTableLongName>
<deleteRule>NO ACTION</deleteRule>
<referredTableID>EC16B3AE-000A-68D9-59ED-990CA050C1B8</referredTableID>
<keyObject>A477A5B2-5E39-6478-DCEA-C4DA1C35EA32</keyObject>
<referredKeyID>A477A5B2-5E39-6478-DCEA-C4DA1C35EA32</referredKeyID>
<mandatory>true</mandatory>
<refColNames>IDK</refColNames>
<transferable>true</transferable>
<rely>false</rely>
<columnDependencyConstraintGenerateInDDL>true</columnDependencyConstraintGenerateInDDL>
</FKIndexAssociation>