<?xml version = '1.0' encoding = 'UTF-8'?>
<FKIndexAssociation class="oracle.dbtools.crest.model.design.relational.FKIndexAssociation" directorySegmentName="seg_0" id="F20EAEFB-20BE-D0BD-2C7D-244AE17CC3E1" containerWithKeyObject="8111A144-2B9B-8F41-85FF-4150211F7831" localFKIndex="DC920162-0C79-DEBF-8E82-06D684CAB81C" name="Pozajmiti_Clan_FK">
<createdBy>DAKI</createdBy>
<createdTime>2025-06-24 15:57:00 UTC</createdTime>
<generatorID>7B0AA2BD-BEB0-703C-1D21-4BA65E60F954</generatorID>
<ownerDesignName>projekatC</ownerDesignName>
<referredTableLongName>Clan</referredTableLongName>
<deleteRule>NO ACTION</deleteRule>
<referredTableID>59E73534-7C89-0717-098B-211DF15CB25A</referredTableID>
<keyObject>ED306FFA-0BA2-4762-3025-B49BF268AF70</keyObject>
<referredKeyID>ED306FFA-0BA2-4762-3025-B49BF268AF70</referredKeyID>
<mandatory>true</mandatory>
<refColNames>IDC</refColNames>
<transferable>true</transferable>
<rely>false</rely>
<columnDependencyConstraintGenerateInDDL>true</columnDependencyConstraintGenerateInDDL>
</FKIndexAssociation>