<?xml version = '1.0' encoding = 'UTF-8'?>
<Relation class="oracle.dbtools.crest.model.design.logical.Relation" name="Napisati" directorySegmentName="seg_0" id="09CB3814-ED1A-54DF-21D4-F1ADF6172EC6">
<createdBy>DAKI</createdBy>
<createdTime>2025-06-24 15:52:03 UTC</createdTime>
<ownerDesignName>projekatC</ownerDesignName>
<engineerTo>
<item key="FE5F6195-1D86-2DF6-9D4D-9317BF4E60F9" value="true"/>
<item key="0FC74D75-EF00-6E80-EEB4-89EDCF544B4A" value="true"/>
<item key="F12F8D22-B037-F8D2-129F-314156F0D4E0" value="true"/>
<item key="340E8381-A17A-A5E8-6988-FC8A58C712B0" value="true"/>
<item key="D53F097D-D82E-4865-49CC-B7488C8FB8D3" value="true"/>
<item key="A6D30CEE-A686-61D2-80D9-DD8534E91457" value="true"/>
<item key="E5B7D611-6EAD-AB4C-B976-77E11FDF7881" value="true"/>
<item key="B0D00024-661B-884A-8132-DE5BB1591030" value="true"/>
</engineerTo>
<sourcePk>957F10C2-9213-3004-493B-46D04C47E500</sourcePk>
<targetPk>BA2D2BF2-ACCB-B94C-3CB9-53307DC07C92</targetPk>
<identifying>false</identifying>
<optionalSource>false</optionalSource>
<optionalTarget>true</optionalTarget>
<sourceCardinality>*</sourceCardinality>
<sourceEntity>BD026665-135C-CE19-C591-246057E60937</sourceEntity>
<targetCardinalityString>*</targetCardinalityString>
<targetEntity>C9260A9E-6A1B-BD4A-EC17-54093F9A1778</targetEntity>
<transferable>true</transferable>
<deleteRule>CASCADE</deleteRule>
</Relation>