<?xml version = '1.0' encoding = 'UTF-8'?>
<Relation class="oracle.dbtools.crest.model.design.logical.Relation" name="Pozajmiti" directorySegmentName="seg_0" id="7B0AA2BD-BEB0-703C-1D21-4BA65E60F954">
<createdBy>DAKI</createdBy>
<createdTime>2025-06-24 15:56:43 UTC</createdTime>
<ownerDesignName>projekatC</ownerDesignName>
<engineerTo>
<item key="FE5F6195-1D86-2DF6-9D4D-9317BF4E60F9" value="true"/>
<item key="0FC74D75-EF00-6E80-EEB4-89EDCF544B4A" value="true"/>
<item key="F12F8D22-B037-F8D2-129F-314156F0D4E0" value="true"/>
<item key="340E8381-A17A-A5E8-6988-FC8A58C712B0" value="true"/>
<item key="D53F097D-D82E-4865-49CC-B7488C8FB8D3" value="true"/>
<item key="A6D30CEE-A686-61D2-80D9-DD8534E91457" value="true"/>
<item key="E5B7D611-6EAD-AB4C-B976-77E11FDF7881" value="true"/>
<item key="B0D00024-661B-884A-8132-DE5BB1591030" value="true"/>
</engineerTo>
<sourcePk>6F9ABAA0-CF85-4FE5-ACB0-B21B38E3CF2F</sourcePk>
<targetPk>BA2D2BF2-ACCB-B94C-3CB9-53307DC07C92</targetPk>
<identifying>false</identifying>
<optionalSource>true</optionalSource>
<optionalTarget>false</optionalTarget>
<sourceCardinality>*</sourceCardinality>
<sourceEntity>449F8EA6-0D1A-8B58-3973-0A5800B4DAC1</sourceEntity>
<targetCardinalityString>*</targetCardinalityString>
<targetEntity>C9260A9E-6A1B-BD4A-EC17-54093F9A1778</targetEntity>
<transferable>true</transferable>
<deleteRule>CASCADE</deleteRule>
<attributes itemClass="oracle.dbtools.crest.model.design.logical.Attribute">
<attribute name="DU" id="F06D322A-67BF-A209-F2A0-D0B0A9311B9B">
<createdBy>DAKI</createdBy>
<createdTime>2025-06-24 16:06:02 UTC</createdTime>
<ownerDesignName>projekatC</ownerDesignName>
<engineerTo>
<item key="FE5F6195-1D86-2DF6-9D4D-9317BF4E60F9" value="true"/>
<item key="0FC74D75-EF00-6E80-EEB4-89EDCF544B4A" value="true"/>
<item key="F12F8D22-B037-F8D2-129F-314156F0D4E0" value="true"/>
<item key="340E8381-A17A-A5E8-6988-FC8A58C712B0" value="true"/>
<item key="D53F097D-D82E-4865-49CC-B7488C8FB8D3" value="true"/>
<item key="E5B7D611-6EAD-AB4C-B976-77E11FDF7881" value="true"/>
<item key="A6D30CEE-A686-61D2-80D9-DD8534E91457" value="true"/>
<item key="B0D00024-661B-884A-8132-DE5BB1591030" value="true"/>
</engineerTo>
<useDomainConstraints>false</useDomainConstraints>
<use>1</use>
<logicalDatatype>LOGDT008</logicalDatatype>
<ownDataTypeParameters>,,</ownDataTypeParameters>
</attribute>
<attribute name="DV" id="0CDA8F33-A4BF-E526-CDDC-97023AA68AD6">
<createdBy>DAKI</createdBy>
<createdTime>2025-06-24 16:06:12 UTC</createdTime>
<ownerDesignName>projekatC</ownerDesignName>
<engineerTo>
<item key="FE5F6195-1D86-2DF6-9D4D-9317BF4E60F9" value="true"/>
<item key="0FC74D75-EF00-6E80-EEB4-89EDCF544B4A" value="true"/>
<item key="F12F8D22-B037-F8D2-129F-314156F0D4E0" value="true"/>
<item key="340E8381-A17A-A5E8-6988-FC8A58C712B0" value="true"/>
<item key="D53F097D-D82E-4865-49CC-B7488C8FB8D3" value="true"/>
<item key="E5B7D611-6EAD-AB4C-B976-77E11FDF7881" value="true"/>
<item key="A6D30CEE-A686-61D2-80D9-DD8534E91457" value="true"/>
<item key="B0D00024-661B-884A-8132-DE5BB1591030" value="true"/>
</engineerTo>
<nullsAllowed>true</nullsAllowed>
<useDomainConstraints>false</useDomainConstraints>
<use>1</use>
<logicalDatatype>LOGDT008</logicalDatatype>
<ownDataTypeParameters>,,</ownDataTypeParameters>
</attribute>
</attributes>
</Relation>