<?xml version = '1.0' encoding = 'UTF-8'?>
<Table class="oracle.dbtools.crest.model.design.relational.Table" directorySegmentName="seg_0" id="8111A144-2B9B-8F41-85FF-4150211F7831" name="Pozajmiti">
<createdBy>DAKI</createdBy>
<createdTime>2025-06-24 15:57:00 UTC</createdTime>
<ownerDesignName>projekatC</ownerDesignName>
<allowColumnReorder>false</allowColumnReorder>
<existDependencyGenerateInDDl>true</existDependencyGenerateInDDl>
<parsed>true</parsed>
<columns itemClass="oracle.dbtools.crest.model.design.relational.Column">
<Column name="Clan_IDC" id="CD28A6CB-75DA-A271-C81D-2F8BDE074C1C">
<createdBy>DAKI</createdBy>
<createdTime>2025-06-24 15:57:00 UTC</createdTime>
<ownerDesignName>projekatC</ownerDesignName>
<useDomainConstraints>false</useDomainConstraints>
<use>1</use>
<logicalDatatype>LOGDT011</logicalDatatype>
<ownDataTypeParameters>,,</ownDataTypeParameters>
<previousColumn>false</previousColumn>
<autoIncrementCycle>false</autoIncrementCycle>
<associations>
<colAssociation fkAssociation="F20EAEFB-20BE-D0BD-2C7D-244AE17CC3E1" referredColumn="44CDE473-C04C-E511-9CCC-3E8367E01E8E"/>
</associations>
</Column>
<Column name="Knjiga_IDK" id="28ABCAB0-1187-9AF4-EF2C-AC223A7C5E4A">
<createdBy>DAKI</createdBy>
<createdTime>2025-06-24 15:57:00 UTC</createdTime>
<ownerDesignName>projekatC</ownerDesignName>
<useDomainConstraints>false</useDomainConstraints>
<use>1</use>
<logicalDatatype>LOGDT011</logicalDatatype>
<ownDataTypeParameters>,,</ownDataTypeParameters>
<previousColumn>false</previousColumn>
<autoIncrementCycle>false</autoIncrementCycle>
<associations>
<colAssociation fkAssociation="9D764134-094E-0937-72A5-ADBDB2F8BB49" referredColumn="4694CEE1-DDAE-2128-9277-50915BF2C4B3"/>
</associations>
</Column>
</columns>
<indexes itemClass="oracle.dbtools.crest.model.design.relational.Index">
<ind_PK_UK id="39413A18-EDB9-2C23-86E6-6FBEE245F9C2" name="Pozajmiti_PK">
<createdBy>DAKI</createdBy>
<createdTime>2025-06-24 15:57:00 UTC</createdTime>
<ownerDesignName>projekatC</ownerDesignName>
<pk>true</pk>
<indexState>Primary Constraint</indexState>
<isSurrogateKey>false</isSurrogateKey>
<indexColumnUsage>
<colUsage columnID="CD28A6CB-75DA-A271-C81D-2F8BDE074C1C"/>
<colUsage columnID="28ABCAB0-1187-9AF4-EF2C-AC223A7C5E4A"/>
</indexColumnUsage>
</ind_PK_UK>
<ind_PK_UK id="DC920162-0C79-DEBF-8E82-06D684CAB81C" name="Pozajmiti_Clan_FK">
<createdBy>DAKI</createdBy>
<createdTime>2025-06-24 15:57:00 UTC</createdTime>
<generatorID>7B0AA2BD-BEB0-703C-1D21-4BA65E60F954</generatorID>
<ownerDesignName>projekatC</ownerDesignName>
<indexState>Foreign Key</indexState>
<isSurrogateKey>false</isSurrogateKey>
<indexColumnUsage>
<colUsage columnID="CD28A6CB-75DA-A271-C81D-2F8BDE074C1C"/>
</indexColumnUsage>
</ind_PK_UK>
<ind_PK_UK id="D5CC6D60-61A9-175D-986A-A8678E14BD6B" name="Pozajmiti_Knjiga_FK">
<createdBy>DAKI</createdBy>
<createdTime>2025-06-24 15:57:00 UTC</createdTime>
<generatorID>7B0AA2BD-BEB0-703C-1D21-4BA65E60F954</generatorID>
<ownerDesignName>projekatC</ownerDesignName>
<indexState>Foreign Key</indexState>
<isSurrogateKey>false</isSurrogateKey>
<indexColumnUsage>
<colUsage columnID="28ABCAB0-1187-9AF4-EF2C-AC223A7C5E4A"/>
</indexColumnUsage>
</ind_PK_UK>
</indexes>
</Table>