<?xml version = '1.0' encoding = 'UTF-8'?>
<Table class="oracle.dbtools.crest.model.design.relational.Table" directorySegmentName="seg_0" id="A578C7A7-2C04-3FB4-5935-A295C5456B27" name="Relation_2">
<createdBy>DAKI</createdBy>
<createdTime>2025-06-24 15:53:24 UTC</createdTime>
<ownerDesignName>projekatC</ownerDesignName>
<allowColumnReorder>false</allowColumnReorder>
<existDependencyGenerateInDDl>true</existDependencyGenerateInDDl>
<parsed>true</parsed>
<columns itemClass="oracle.dbtools.crest.model.design.relational.Column">
<Column name="Clan_IDC" id="E53BCF9C-1D9A-51BF-45F5-373F20B26C28">
<createdBy>DAKI</createdBy>
<createdTime>2025-06-24 15:53:24 UTC</createdTime>
<ownerDesignName>projekatC</ownerDesignName>
<useDomainConstraints>false</useDomainConstraints>
<use>1</use>
<logicalDatatype>LOGDT011</logicalDatatype>
<ownDataTypeParameters>,,</ownDataTypeParameters>
<previousColumn>false</previousColumn>
<autoIncrementCycle>false</autoIncrementCycle>
<associations>
<colAssociation fkAssociation="21AD04B8-797F-0039-AAC0-9F5AF3AB4D1C" referredColumn="44CDE473-C04C-E511-9CCC-3E8367E01E8E"/>
</associations>
</Column>
<Column name="Knjiga_IDK" id="E3A29B76-A61E-E97B-1853-7CA03927070A">
<createdBy>DAKI</createdBy>
<createdTime>2025-06-24 15:53:24 UTC</createdTime>
<ownerDesignName>projekatC</ownerDesignName>
<useDomainConstraints>false</useDomainConstraints>
<use>1</use>
<logicalDatatype>LOGDT011</logicalDatatype>
<ownDataTypeParameters>,,</ownDataTypeParameters>
<previousColumn>false</previousColumn>
<autoIncrementCycle>false</autoIncrementCycle>
<associations>
<colAssociation fkAssociation="CADB51AD-CA5C-9E00-DBEB-01B616A7780B" referredColumn="4694CEE1-DDAE-2128-9277-50915BF2C4B3"/>
</associations>
</Column>
</columns>
<indexes itemClass="oracle.dbtools.crest.model.design.relational.Index">
<ind_PK_UK id="0C75765A-6CF2-C1AE-AC6C-BEF2EB0A840F" name="Relation_2_PK">
<createdBy>DAKI</createdBy>
<createdTime>2025-06-24 15:53:24 UTC</createdTime>
<ownerDesignName>projekatC</ownerDesignName>
<pk>true</pk>
<indexState>Primary Constraint</indexState>
<isSurrogateKey>false</isSurrogateKey>
<indexColumnUsage>
<colUsage columnID="E53BCF9C-1D9A-51BF-45F5-373F20B26C28"/>
<colUsage columnID="E3A29B76-A61E-E97B-1853-7CA03927070A"/>
</indexColumnUsage>
</ind_PK_UK>
<ind_PK_UK id="37B35945-83DE-089A-19CC-5C493ECC19E4" name="Relation_2_Clan_FK">
<createdBy>DAKI</createdBy>
<createdTime>2025-06-24 15:53:24 UTC</createdTime>
<generatorID>F4EC1D45-8CBD-2662-ABAB-B27C52792AAE</generatorID>
<ownerDesignName>projekatC</ownerDesignName>
<indexState>Foreign Key</indexState>
<isSurrogateKey>false</isSurrogateKey>
<indexColumnUsage>
<colUsage columnID="E53BCF9C-1D9A-51BF-45F5-373F20B26C28"/>
</indexColumnUsage>
</ind_PK_UK>
<ind_PK_UK id="59FFA91B-4B71-4759-B6ED-6EDA7A03F8B1" name="Relation_2_Knjiga_FK">
<createdBy>DAKI</createdBy>
<createdTime>2025-06-24 15:53:24 UTC</createdTime>
<generatorID>F4EC1D45-8CBD-2662-ABAB-B27C52792AAE</generatorID>
<ownerDesignName>projekatC</ownerDesignName>
<indexState>Foreign Key</indexState>
<isSurrogateKey>false</isSurrogateKey>
<indexColumnUsage>
<colUsage columnID="E3A29B76-A61E-E97B-1853-7CA03927070A"/>
</indexColumnUsage>
</ind_PK_UK>
</indexes>
</Table>