<?xml version = '1.0' encoding = 'UTF-8'?>
<Table class="oracle.dbtools.crest.model.design.relational.Table" directorySegmentName="seg_0" id="B8D055EB-7412-C43E-D32B-B21B5BEC7192" name="Autor">
<createdBy>DAKI</createdBy>
<createdTime>2025-06-24 15:53:24 UTC</createdTime>
<generatorID>BD026665-135C-CE19-C591-246057E60937</generatorID>
<ownerDesignName>projekatC</ownerDesignName>
<allowColumnReorder>false</allowColumnReorder>
<existDependencyGenerateInDDl>true</existDependencyGenerateInDDl>
<parsed>true</parsed>
<columns itemClass="oracle.dbtools.crest.model.design.relational.Column">
<Column name="IDA" id="21F5D062-09D8-B755-13A7-D34BEEF1EEC8">
<createdBy>DAKI</createdBy>
<createdTime>2025-06-24 15:53:24 UTC</createdTime>
<generatorID>ED8DCAA8-4C4E-2850-D46D-18D18230FE56</generatorID>
<ownerDesignName>projekatC</ownerDesignName>
<useDomainConstraints>false</useDomainConstraints>
<use>1</use>
<logicalDatatype>LOGDT011</logicalDatatype>
<ownDataTypeParameters>,,</ownDataTypeParameters>
<autoIncrementCycle>false</autoIncrementCycle>
</Column>
<Column name="IME" id="8FE18CD3-7011-3885-C83E-FE1E756EF51E">
<createdBy>DAKI</createdBy>
<createdTime>2025-06-24 15:53:24 UTC</createdTime>
<generatorID>96129E37-83E3-7194-6F95-7185718BD28E</generatorID>
<ownerDesignName>projekatC</ownerDesignName>
<useDomainConstraints>false</useDomainConstraints>
<use>1</use>
<logicalDatatype>LOGDT024</logicalDatatype>
<dataTypeSize>50 CHAR</dataTypeSize>
<ownDataTypeParameters>50 CHAR,,</ownDataTypeParameters>
<autoIncrementCycle>false</autoIncrementCycle>
</Column>
<Column name="PREZIME" id="E0F97952-16FC-41FC-9B04-AD3A1D902002">
<createdBy>DAKI</createdBy>
<createdTime>2025-06-24 15:53:24 UTC</createdTime>
<generatorID>BDD656FE-52D7-629B-B55D-D934327E4778</generatorID>
<ownerDesignName>projekatC</ownerDesignName>
<useDomainConstraints>false</useDomainConstraints>
<use>1</use>
<logicalDatatype>LOGDT024</logicalDatatype>
<dataTypeSize>50 CHAR</dataTypeSize>
<ownDataTypeParameters>50 CHAR,,</ownDataTypeParameters>
<autoIncrementCycle>false</autoIncrementCycle>
</Column>
</columns>
<indexes itemClass="oracle.dbtools.crest.model.design.relational.Index">
<ind_PK_UK id="6D31D900-C625-4B6E-F861-822B72F5C4B6" name="Autor_PK">
<createdBy>DAKI</createdBy>
<createdTime>2025-06-24 15:53:24 UTC</createdTime>
<generatorID>957F10C2-9213-3004-493B-46D04C47E500</generatorID>
<ownerDesignName>projekatC</ownerDesignName>
<pk>true</pk>
<indexState>Primary Constraint</indexState>
<isSurrogateKey>false</isSurrogateKey>
<indexColumnUsage>
<colUsage columnID="21F5D062-09D8-B755-13A7-D34BEEF1EEC8"/>
</indexColumnUsage>
</ind_PK_UK>
</indexes>
</Table>