<?xml version = '1.0' encoding = 'UTF-8'?>
<Table class="oracle.dbtools.crest.model.design.relational.Table" directorySegmentName="seg_0" id="C1B27F1E-1E4C-3F2E-2ED3-D9B1D63A076D" name="Napisati">
<createdBy>DAKI</createdBy>
<createdTime>2025-06-24 15:53:24 UTC</createdTime>
<ownerDesignName>projekatC</ownerDesignName>
<allowColumnReorder>false</allowColumnReorder>
<existDependencyGenerateInDDl>true</existDependencyGenerateInDDl>
<parsed>true</parsed>
<columns itemClass="oracle.dbtools.crest.model.design.relational.Column">
<Column name="Autor_IDA" id="CFB8248F-ABAB-8D96-E529-A4A00C3A1FE6">
<createdBy>DAKI</createdBy>
<createdTime>2025-06-24 15:53:24 UTC</createdTime>
<ownerDesignName>projekatC</ownerDesignName>
<useDomainConstraints>false</useDomainConstraints>
<use>1</use>
<logicalDatatype>LOGDT011</logicalDatatype>
<ownDataTypeParameters>,,</ownDataTypeParameters>
<previousColumn>false</previousColumn>
<autoIncrementCycle>false</autoIncrementCycle>
<associations>
<colAssociation fkAssociation="1332EF10-F4CD-0223-49FC-09AA216F91FF" referredColumn="21F5D062-09D8-B755-13A7-D34BEEF1EEC8"/>
</associations>
</Column>
<Column name="Knjiga_IDK" id="6791946C-4F57-FA14-CA26-CA7093366436">
<createdBy>DAKI</createdBy>
<createdTime>2025-06-24 15:53:24 UTC</createdTime>
<ownerDesignName>projekatC</ownerDesignName>
<useDomainConstraints>false</useDomainConstraints>
<use>1</use>
<logicalDatatype>LOGDT011</logicalDatatype>
<ownDataTypeParameters>,,</ownDataTypeParameters>
<previousColumn>false</previousColumn>
<autoIncrementCycle>false</autoIncrementCycle>
<associations>
<colAssociation fkAssociation="2049E8A9-982C-4481-7DFB-FA9D2F75392E" referredColumn="4694CEE1-DDAE-2128-9277-50915BF2C4B3"/>
</associations>
</Column>
</columns>
<indexes itemClass="oracle.dbtools.crest.model.design.relational.Index">
<ind_PK_UK id="951DFF55-A169-2896-3588-9EA51BADD3F9" name="Napisati_PK">
<createdBy>DAKI</createdBy>
<createdTime>2025-06-24 15:53:24 UTC</createdTime>
<ownerDesignName>projekatC</ownerDesignName>
<pk>true</pk>
<indexState>Primary Constraint</indexState>
<isSurrogateKey>false</isSurrogateKey>
<indexColumnUsage>
<colUsage columnID="CFB8248F-ABAB-8D96-E529-A4A00C3A1FE6"/>
<colUsage columnID="6791946C-4F57-FA14-CA26-CA7093366436"/>
</indexColumnUsage>
</ind_PK_UK>
<ind_PK_UK id="28F2DF90-A1F5-C35F-2D25-0D6EA048BB44" name="Napisati_Autor_FK">
<createdBy>DAKI</createdBy>
<createdTime>2025-06-24 15:53:24 UTC</createdTime>
<generatorID>09CB3814-ED1A-54DF-21D4-F1ADF6172EC6</generatorID>
<ownerDesignName>projekatC</ownerDesignName>
<indexState>Foreign Key</indexState>
<isSurrogateKey>false</isSurrogateKey>
<indexColumnUsage>
<colUsage columnID="CFB8248F-ABAB-8D96-E529-A4A00C3A1FE6"/>
</indexColumnUsage>
</ind_PK_UK>
<ind_PK_UK id="64D76EF2-FFAB-44B1-5B0A-9740E11BF63C" name="Napisati_Knjiga_FK">
<createdBy>DAKI</createdBy>
<createdTime>2025-06-24 15:53:24 UTC</createdTime>
<generatorID>09CB3814-ED1A-54DF-21D4-F1ADF6172EC6</generatorID>
<ownerDesignName>projekatC</ownerDesignName>
<indexState>Foreign Key</indexState>
<isSurrogateKey>false</isSurrogateKey>
<indexColumnUsage>
<colUsage columnID="6791946C-4F57-FA14-CA26-CA7093366436"/>
</indexColumnUsage>
</ind_PK_UK>
</indexes>
</Table>