<?xml version = '1.0' encoding = 'UTF-8'?>
<FKIndexAssociation class="oracle.dbtools.crest.model.design.relational.FKIndexAssociation" directorySegmentName="seg_0" id="2FBC19A8-2C68-306B-200B-759FBA9D1C58" containerWithKeyObject="717F0A1F-7647-F93A-48C0-9F5052DEDE83" localFKIndex="36C893CA-83ED-4B7F-BB3A-DF805C5B0A95" name="Pozajmiti_Knjiga_FK">
<createdBy>DAKI</createdBy>
<createdTime>2025-07-08 09:49:17 UTC</createdTime>
<generatorID>7B0AA2BD-BEB0-703C-1D21-4BA65E60F954</generatorID>
<ownerDesignName>projekatC</ownerDesignName>
<referredTableLongName>Knjiga</referredTableLongName>
<deleteRule>CASCADE</deleteRule>
<referredTableID>1563D3F7-3004-8671-0176-CAB41DF35B62</referredTableID>
<keyObject>7BBC43D8-97F2-D183-230B-529B69A2F117</keyObject>
<referredKeyID>7BBC43D8-97F2-D183-230B-529B69A2F117</referredKeyID>
<mandatory>true</mandatory>
<refColNames>IDK</refColNames>
<transferable>true</transferable>
<rely>false</rely>
<columnDependencyConstraintGenerateInDDL>true</columnDependencyConstraintGenerateInDDL>
</FKIndexAssociation>