<?xml version = '1.0' encoding = 'UTF-8'?>
<FKIndexAssociation class="oracle.dbtools.crest.model.design.relational.FKIndexAssociation" directorySegmentName="seg_0" id="5045B8F7-03EC-F52C-1808-6E1F1664F7F8" containerWithKeyObject="5816C935-06EC-E0FE-A4D7-6D9C3191F57F" localFKIndex="8D0479AD-812B-0287-4A4C-EFDC918751CC" name="Napisati_Knjiga_FK">
<createdBy>DAKI</createdBy>
<createdTime>2025-07-08 09:49:16 UTC</createdTime>
<generatorID>09CB3814-ED1A-54DF-21D4-F1ADF6172EC6</generatorID>
<ownerDesignName>projekatC</ownerDesignName>
<referredTableLongName>Knjiga</referredTableLongName>
<deleteRule>CASCADE</deleteRule>
<referredTableID>1563D3F7-3004-8671-0176-CAB41DF35B62</referredTableID>
<keyObject>7BBC43D8-97F2-D183-230B-529B69A2F117</keyObject>
<referredKeyID>7BBC43D8-97F2-D183-230B-529B69A2F117</referredKeyID>
<mandatory>true</mandatory>
<refColNames>IDK</refColNames>
<transferable>true</transferable>
<rely>false</rely>
<columnDependencyConstraintGenerateInDDL>true</columnDependencyConstraintGenerateInDDL>
</FKIndexAssociation>