<?xml version = '1.0' encoding = 'UTF-8'?>
<FKIndexAssociation class="oracle.dbtools.crest.model.design.relational.FKIndexAssociation" directorySegmentName="seg_0" id="568AF4A6-FF37-8035-2671-3DEB99E055AD" containerWithKeyObject="717F0A1F-7647-F93A-48C0-9F5052DEDE83" localFKIndex="937D3FAE-5E03-A42F-3460-94149EF09F46" name="Pozajmiti_Clan_FK">
<createdBy>DAKI</createdBy>
<createdTime>2025-07-08 09:49:17 UTC</createdTime>
<generatorID>7B0AA2BD-BEB0-703C-1D21-4BA65E60F954</generatorID>
<ownerDesignName>projekatC</ownerDesignName>
<referredTableLongName>Clan</referredTableLongName>
<deleteRule>CASCADE</deleteRule>
<referredTableID>1E5B53E9-40FD-619E-F3E0-4F222436FDBE</referredTableID>
<keyObject>B1A317D5-FBDA-3AC0-5AF0-9C13CA586593</keyObject>
<referredKeyID>B1A317D5-FBDA-3AC0-5AF0-9C13CA586593</referredKeyID>
<mandatory>true</mandatory>
<refColNames>IDC</refColNames>
<transferable>true</transferable>
<rely>false</rely>
<columnDependencyConstraintGenerateInDDL>true</columnDependencyConstraintGenerateInDDL>
</FKIndexAssociation>