<?xml version = '1.0' encoding = 'UTF-8'?>
<FKIndexAssociation class="oracle.dbtools.crest.model.design.relational.FKIndexAssociation" directorySegmentName="seg_0" id="5BEEA2B0-C155-52F2-163E-0718C515CF6F" containerWithKeyObject="5816C935-06EC-E0FE-A4D7-6D9C3191F57F" localFKIndex="1697DB9B-1C2F-6F78-CFB0-F973FB8F6A27" name="Napisati_Autor_FK">
<createdBy>DAKI</createdBy>
<createdTime>2025-07-08 09:49:16 UTC</createdTime>
<generatorID>09CB3814-ED1A-54DF-21D4-F1ADF6172EC6</generatorID>
<ownerDesignName>projekatC</ownerDesignName>
<referredTableLongName>Autor</referredTableLongName>
<deleteRule>CASCADE</deleteRule>
<referredTableID>7F09DEF7-89BA-C044-F3C6-FFC170AA0105</referredTableID>
<keyObject>2F6FDBDE-3C88-4880-57D9-F696E3EEE502</keyObject>
<referredKeyID>2F6FDBDE-3C88-4880-57D9-F696E3EEE502</referredKeyID>
<mandatory>true</mandatory>
<refColNames>IDA</refColNames>
<transferable>true</transferable>
<rely>false</rely>
<columnDependencyConstraintGenerateInDDL>true</columnDependencyConstraintGenerateInDDL>
</FKIndexAssociation>