<?xml version = '1.0' encoding = 'UTF-8'?>
<Table class="oracle.dbtools.crest.model.design.relational.Table" directorySegmentName="seg_0" id="5D414B7D-D9B6-649F-BA01-729B23A123F3" name="Clan">
<createdBy>DAKI</createdBy>
<createdTime>2025-07-08 09:31:14 UTC</createdTime>
<generatorID>449F8EA6-0D1A-8B58-3973-0A5800B4DAC1</generatorID>
<ownerDesignName>projekatC</ownerDesignName>
<allowColumnReorder>false</allowColumnReorder>
<existDependencyGenerateInDDl>true</existDependencyGenerateInDDl>
<parsed>true</parsed>
<columns itemClass="oracle.dbtools.crest.model.design.relational.Column">
<Column name="IDC" id="210D8CBA-4DAB-F8E5-119B-D71D7552127F">
<createdBy>DAKI</createdBy>
<createdTime>2025-07-08 09:31:14 UTC</createdTime>
<generatorID>01B2AFC8-16ED-DE19-B749-0FC15AF27274</generatorID>
<ownerDesignName>projekatC</ownerDesignName>
<useDomainConstraints>false</useDomainConstraints>
<use>1</use>
<logicalDatatype>LOGDT011</logicalDatatype>
<ownDataTypeParameters>,,</ownDataTypeParameters>
<autoIncrementCycle>false</autoIncrementCycle>
</Column>
<Column name="IME" id="3023B8DE-1138-4872-0C63-C072B65E591F">
<createdBy>DAKI</createdBy>
<createdTime>2025-07-08 09:31:14 UTC</createdTime>
<generatorID>CCFE590E-D392-6E32-FAB9-A020127CBB4E</generatorID>
<ownerDesignName>projekatC</ownerDesignName>
<useDomainConstraints>false</useDomainConstraints>
<use>1</use>
<logicalDatatype>LOGDT024</logicalDatatype>
<dataTypeSize>50 CHAR</dataTypeSize>
<ownDataTypeParameters>50 CHAR,,</ownDataTypeParameters>
<autoIncrementCycle>false</autoIncrementCycle>
</Column>
<Column name="PREZIME" id="4936A000-49F0-743A-76E1-24C4AF1E4882">
<createdBy>DAKI</createdBy>
<createdTime>2025-07-08 09:31:14 UTC</createdTime>
<generatorID>140E1E44-0D88-55C9-07BF-D6ACA9914C25</generatorID>
<ownerDesignName>projekatC</ownerDesignName>
<useDomainConstraints>false</useDomainConstraints>
<use>1</use>
<logicalDatatype>LOGDT024</logicalDatatype>
<dataTypeSize>50 CHAR</dataTypeSize>
<ownDataTypeParameters>50 CHAR,,</ownDataTypeParameters>
<autoIncrementCycle>false</autoIncrementCycle>
</Column>
</columns>
<indexes itemClass="oracle.dbtools.crest.model.design.relational.Index">
<ind_PK_UK id="ED60DCC8-D2F5-1894-7CEF-E9BB6CAA1702" name="Clan_PK">
<createdBy>DAKI</createdBy>
<createdTime>2025-07-08 09:31:14 UTC</createdTime>
<generatorID>6F9ABAA0-CF85-4FE5-ACB0-B21B38E3CF2F</generatorID>
<ownerDesignName>projekatC</ownerDesignName>
<pk>true</pk>
<indexState>Primary Constraint</indexState>
<isSurrogateKey>false</isSurrogateKey>
<indexColumnUsage>
<colUsage columnID="210D8CBA-4DAB-F8E5-119B-D71D7552127F"/>
</indexColumnUsage>
</ind_PK_UK>
</indexes>
</Table>