<?xml version = '1.0' encoding = 'UTF-8'?>
<Table class="oracle.dbtools.crest.model.design.relational.Table" directorySegmentName="seg_0" id="95D0A4C4-1D60-C56B-1E94-270092C03AA5" name="Napisati">
<createdBy>DAKI</createdBy>
<createdTime>2025-07-08 09:31:14 UTC</createdTime>
<ownerDesignName>projekatC</ownerDesignName>
<allowColumnReorder>false</allowColumnReorder>
<existDependencyGenerateInDDl>true</existDependencyGenerateInDDl>
<parsed>true</parsed>
<columns itemClass="oracle.dbtools.crest.model.design.relational.Column">
<Column name="Autor_IDA" id="7932231F-0DF8-3090-BFAB-2A69E8B60326">
<createdBy>DAKI</createdBy>
<createdTime>2025-07-08 09:31:14 UTC</createdTime>
<ownerDesignName>projekatC</ownerDesignName>
<useDomainConstraints>false</useDomainConstraints>
<use>1</use>
<logicalDatatype>LOGDT011</logicalDatatype>
<ownDataTypeParameters>,,</ownDataTypeParameters>
<previousColumn>false</previousColumn>
<autoIncrementCycle>false</autoIncrementCycle>
<associations>
<colAssociation fkAssociation="294F4BBD-A8E7-6DCA-18AE-FD4E5E5213D4" referredColumn="40B7F11E-09E6-A8B2-5B03-B7F823A754FC"/>
</associations>
</Column>
<Column name="Knjiga_IDK" id="5DB44E44-7C1A-C1C7-71D5-63DF75BBF8BB">
<createdBy>DAKI</createdBy>
<createdTime>2025-07-08 09:31:14 UTC</createdTime>
<ownerDesignName>projekatC</ownerDesignName>
<useDomainConstraints>false</useDomainConstraints>
<use>1</use>
<logicalDatatype>LOGDT011</logicalDatatype>
<ownDataTypeParameters>,,</ownDataTypeParameters>
<previousColumn>false</previousColumn>
<autoIncrementCycle>false</autoIncrementCycle>
<associations>
<colAssociation fkAssociation="1FEA32B6-1A6C-A6FE-54BC-CF2AC9EC90B4" referredColumn="0BBEF297-3C6D-0772-3229-0FC85B3F33E4"/>
</associations>
</Column>
</columns>
<indexes itemClass="oracle.dbtools.crest.model.design.relational.Index">
<ind_PK_UK id="0D694FFD-077E-91B2-09AB-6AF0872284C3" name="Napisati_PK">
<createdBy>DAKI</createdBy>
<createdTime>2025-07-08 09:31:14 UTC</createdTime>
<ownerDesignName>projekatC</ownerDesignName>
<pk>true</pk>
<indexState>Primary Constraint</indexState>
<isSurrogateKey>false</isSurrogateKey>
<indexColumnUsage>
<colUsage columnID="7932231F-0DF8-3090-BFAB-2A69E8B60326"/>
<colUsage columnID="5DB44E44-7C1A-C1C7-71D5-63DF75BBF8BB"/>
</indexColumnUsage>
</ind_PK_UK>
<ind_PK_UK id="D1FB28FD-2199-FD30-C88E-7201B69F2858" name="Napisati_Autor_FK">
<createdBy>DAKI</createdBy>
<createdTime>2025-07-08 09:31:14 UTC</createdTime>
<generatorID>09CB3814-ED1A-54DF-21D4-F1ADF6172EC6</generatorID>
<ownerDesignName>projekatC</ownerDesignName>
<indexState>Foreign Key</indexState>
<isSurrogateKey>false</isSurrogateKey>
<indexColumnUsage>
<colUsage columnID="7932231F-0DF8-3090-BFAB-2A69E8B60326"/>
</indexColumnUsage>
</ind_PK_UK>
<ind_PK_UK id="42A121E9-7559-6D97-CD7E-F267FBCBD677" name="Napisati_Knjiga_FK">
<createdBy>DAKI</createdBy>
<createdTime>2025-07-08 09:31:14 UTC</createdTime>
<generatorID>09CB3814-ED1A-54DF-21D4-F1ADF6172EC6</generatorID>
<ownerDesignName>projekatC</ownerDesignName>
<indexState>Foreign Key</indexState>
<isSurrogateKey>false</isSurrogateKey>
<indexColumnUsage>
<colUsage columnID="5DB44E44-7C1A-C1C7-71D5-63DF75BBF8BB"/>
</indexColumnUsage>
</ind_PK_UK>
</indexes>
</Table>