<?xml version = '1.0' encoding = 'UTF-8'?>
<Table class="oracle.dbtools.crest.model.design.relational.Table" directorySegmentName="seg_0" id="EE52057D-6774-E353-9FC6-16225860D7DD" name="Autor">
<createdBy>DAKI</createdBy>
<createdTime>2025-07-08 09:31:14 UTC</createdTime>
<generatorID>BD026665-135C-CE19-C591-246057E60937</generatorID>
<ownerDesignName>projekatC</ownerDesignName>
<allowColumnReorder>false</allowColumnReorder>
<existDependencyGenerateInDDl>true</existDependencyGenerateInDDl>
<parsed>true</parsed>
<columns itemClass="oracle.dbtools.crest.model.design.relational.Column">
<Column name="IDA" id="40B7F11E-09E6-A8B2-5B03-B7F823A754FC">
<createdBy>DAKI</createdBy>
<createdTime>2025-07-08 09:31:14 UTC</createdTime>
<generatorID>ED8DCAA8-4C4E-2850-D46D-18D18230FE56</generatorID>
<ownerDesignName>projekatC</ownerDesignName>
<useDomainConstraints>false</useDomainConstraints>
<use>1</use>
<logicalDatatype>LOGDT011</logicalDatatype>
<ownDataTypeParameters>,,</ownDataTypeParameters>
<autoIncrementCycle>false</autoIncrementCycle>
</Column>
<Column name="IME" id="521C45D1-2B52-8B43-52C9-9528D3F61AAC">
<createdBy>DAKI</createdBy>
<createdTime>2025-07-08 09:31:14 UTC</createdTime>
<generatorID>96129E37-83E3-7194-6F95-7185718BD28E</generatorID>
<ownerDesignName>projekatC</ownerDesignName>
<useDomainConstraints>false</useDomainConstraints>
<use>1</use>
<logicalDatatype>LOGDT024</logicalDatatype>
<dataTypeSize>50 CHAR</dataTypeSize>
<ownDataTypeParameters>50 CHAR,,</ownDataTypeParameters>
<autoIncrementCycle>false</autoIncrementCycle>
</Column>
<Column name="PREZIME" id="44B2FAD4-825F-50B3-6E81-F73E9CF31005">
<createdBy>DAKI</createdBy>
<createdTime>2025-07-08 09:31:14 UTC</createdTime>
<generatorID>BDD656FE-52D7-629B-B55D-D934327E4778</generatorID>
<ownerDesignName>projekatC</ownerDesignName>
<useDomainConstraints>false</useDomainConstraints>
<use>1</use>
<logicalDatatype>LOGDT024</logicalDatatype>
<dataTypeSize>50 CHAR</dataTypeSize>
<ownDataTypeParameters>50 CHAR,,</ownDataTypeParameters>
<autoIncrementCycle>false</autoIncrementCycle>
</Column>
</columns>
<indexes itemClass="oracle.dbtools.crest.model.design.relational.Index">
<ind_PK_UK id="82848E75-62E6-E8EC-CCE9-28066FFBC04A" name="Autor_PK">
<createdBy>DAKI</createdBy>
<createdTime>2025-07-08 09:31:14 UTC</createdTime>
<generatorID>957F10C2-9213-3004-493B-46D04C47E500</generatorID>
<ownerDesignName>projekatC</ownerDesignName>
<pk>true</pk>
<indexState>Primary Constraint</indexState>
<isSurrogateKey>false</isSurrogateKey>
<indexColumnUsage>
<colUsage columnID="40B7F11E-09E6-A8B2-5B03-B7F823A754FC"/>
</indexColumnUsage>
</ind_PK_UK>
</indexes>
</Table>