<?xml version = '1.0' encoding = 'UTF-8'?>
<FKIndexAssociation class="oracle.dbtools.crest.model.design.relational.FKIndexAssociation" directorySegmentName="seg_0" id="1133055E-D22E-21D8-90DB-EA32102433D1" containerWithKeyObject="13C218E4-B2C1-0EFB-BB5C-2225BE59BCAE" localFKIndex="D49740FE-F121-AC95-82F4-EFDBC8F08AA8" name="Pozajmiti_Clan_FK">
<createdBy>DAKI</createdBy>
<createdTime>2025-07-08 09:40:14 UTC</createdTime>
<generatorID>7B0AA2BD-BEB0-703C-1D21-4BA65E60F954</generatorID>
<ownerDesignName>projekatC</ownerDesignName>
<referredTableLongName>Clan</referredTableLongName>
<deleteRule>CASCADE</deleteRule>
<referredTableID>FAF92F7B-A654-D69C-F281-AEF096D4B143</referredTableID>
<keyObject>AE18E39B-DB91-548C-247B-343FAADF66CA</keyObject>
<referredKeyID>AE18E39B-DB91-548C-247B-343FAADF66CA</referredKeyID>
<mandatory>true</mandatory>
<refColNames>IDC</refColNames>
<transferable>true</transferable>
<rely>false</rely>
<columnDependencyConstraintGenerateInDDL>true</columnDependencyConstraintGenerateInDDL>
</FKIndexAssociation>