<?xml version = '1.0' encoding = 'UTF-8'?>
<FKIndexAssociation class="oracle.dbtools.crest.model.design.relational.FKIndexAssociation" directorySegmentName="seg_0" id="7F90541B-50A5-0E70-C7E0-3F57940B0363" containerWithKeyObject="8ECAA1E1-881D-1618-B6AC-EF26F0636A76" localFKIndex="B528C877-9D73-E3F5-9AA4-51787B0C3310" name="Napisati_Autor_FK">
<createdBy>DAKI</createdBy>
<createdTime>2025-07-08 09:40:14 UTC</createdTime>
<generatorID>09CB3814-ED1A-54DF-21D4-F1ADF6172EC6</generatorID>
<ownerDesignName>projekatC</ownerDesignName>
<referredTableLongName>Autor</referredTableLongName>
<deleteRule>CASCADE</deleteRule>
<referredTableID>DE793F2C-90C3-C175-6F9F-25C96E0002A9</referredTableID>
<keyObject>979AFA5B-2758-B01F-A4FC-00D88A3B1B11</keyObject>
<referredKeyID>979AFA5B-2758-B01F-A4FC-00D88A3B1B11</referredKeyID>
<mandatory>true</mandatory>
<refColNames>IDA</refColNames>
<transferable>true</transferable>
<rely>false</rely>
<columnDependencyConstraintGenerateInDDL>true</columnDependencyConstraintGenerateInDDL>
</FKIndexAssociation>