<?xml version = '1.0' encoding = 'UTF-8'?>
<FKIndexAssociation class="oracle.dbtools.crest.model.design.relational.FKIndexAssociation" directorySegmentName="seg_0" id="AC913265-D723-84B9-9109-3B50294EFD32" containerWithKeyObject="8ECAA1E1-881D-1618-B6AC-EF26F0636A76" localFKIndex="2DEA12E1-D27A-FB14-27FF-D1DB11095B03" name="Napisati_Knjiga_FK">
<createdBy>DAKI</createdBy>
<createdTime>2025-07-08 09:40:14 UTC</createdTime>
<generatorID>09CB3814-ED1A-54DF-21D4-F1ADF6172EC6</generatorID>
<ownerDesignName>projekatC</ownerDesignName>
<referredTableLongName>Knjiga</referredTableLongName>
<deleteRule>CASCADE</deleteRule>
<referredTableID>EC79715A-224A-2662-C9EE-CA1A7A7AE54D</referredTableID>
<keyObject>9859FE9D-7AA9-CE1F-9C0B-5925502C8B52</keyObject>
<referredKeyID>9859FE9D-7AA9-CE1F-9C0B-5925502C8B52</referredKeyID>
<mandatory>true</mandatory>
<refColNames>IDK</refColNames>
<transferable>true</transferable>
<rely>false</rely>
<columnDependencyConstraintGenerateInDDL>true</columnDependencyConstraintGenerateInDDL>
</FKIndexAssociation>