<?xml version = '1.0' encoding = 'UTF-8'?>
<FKIndexAssociation class="oracle.dbtools.crest.model.design.relational.FKIndexAssociation" directorySegmentName="seg_0" id="CDF8C163-2F86-AB91-1086-9015E7246FA5" containerWithKeyObject="13C218E4-B2C1-0EFB-BB5C-2225BE59BCAE" localFKIndex="B6DF29D0-5BA4-CC64-1916-630BD31F77F6" name="Pozajmiti_Knjiga_FK">
<createdBy>DAKI</createdBy>
<createdTime>2025-07-08 09:40:14 UTC</createdTime>
<generatorID>7B0AA2BD-BEB0-703C-1D21-4BA65E60F954</generatorID>
<ownerDesignName>projekatC</ownerDesignName>
<referredTableLongName>Knjiga</referredTableLongName>
<deleteRule>CASCADE</deleteRule>
<referredTableID>EC79715A-224A-2662-C9EE-CA1A7A7AE54D</referredTableID>
<keyObject>9859FE9D-7AA9-CE1F-9C0B-5925502C8B52</keyObject>
<referredKeyID>9859FE9D-7AA9-CE1F-9C0B-5925502C8B52</referredKeyID>
<mandatory>true</mandatory>
<refColNames>IDK</refColNames>
<transferable>true</transferable>
<rely>false</rely>
<columnDependencyConstraintGenerateInDDL>true</columnDependencyConstraintGenerateInDDL>
</FKIndexAssociation>