<?xml version = '1.0' encoding = 'UTF-8'?>
<Table class="oracle.dbtools.crest.model.design.relational.Table" directorySegmentName="seg_0" id="34566998-042D-C0EA-F2B8-179F9CC248B5" name="Napisati">
<createdBy>DAKI</createdBy>
<createdTime>2025-06-24 16:10:55 UTC</createdTime>
<ownerDesignName>projekatC</ownerDesignName>
<allowColumnReorder>false</allowColumnReorder>
<existDependencyGenerateInDDl>true</existDependencyGenerateInDDl>
<parsed>true</parsed>
<columns itemClass="oracle.dbtools.crest.model.design.relational.Column">
<Column name="Autor_IDA" id="8FDDBFEB-D371-8B56-F4BF-4ABF76A05386">
<createdBy>DAKI</createdBy>
<createdTime>2025-06-24 16:10:55 UTC</createdTime>
<ownerDesignName>projekatC</ownerDesignName>
<useDomainConstraints>false</useDomainConstraints>
<use>1</use>
<logicalDatatype>LOGDT011</logicalDatatype>
<ownDataTypeParameters>,,</ownDataTypeParameters>
<previousColumn>false</previousColumn>
<autoIncrementCycle>false</autoIncrementCycle>
<associations>
<colAssociation fkAssociation="F4CC226D-6B91-DBD7-1F61-5DEAC6339BF4" referredColumn="F23A8280-148D-FE6E-6CF2-8719DEF7F3C9"/>
</associations>
</Column>
<Column name="Knjiga_IDK" id="2B252225-A450-3480-1D33-230BC2C26413">
<createdBy>DAKI</createdBy>
<createdTime>2025-06-24 16:10:55 UTC</createdTime>
<ownerDesignName>projekatC</ownerDesignName>
<useDomainConstraints>false</useDomainConstraints>
<use>1</use>
<logicalDatatype>LOGDT011</logicalDatatype>
<ownDataTypeParameters>,,</ownDataTypeParameters>
<previousColumn>false</previousColumn>
<autoIncrementCycle>false</autoIncrementCycle>
<associations>
<colAssociation fkAssociation="034E9260-8125-3433-AD24-3963FB24B03B" referredColumn="57CAD718-FEAF-727F-E86E-D3FD76312E52"/>
</associations>
</Column>
</columns>
<indexes itemClass="oracle.dbtools.crest.model.design.relational.Index">
<ind_PK_UK id="79B9C99F-9C0E-7646-9D56-5FD99987A410" name="Napisati_PK">
<createdBy>DAKI</createdBy>
<createdTime>2025-06-24 16:10:55 UTC</createdTime>
<ownerDesignName>projekatC</ownerDesignName>
<pk>true</pk>
<indexState>Primary Constraint</indexState>
<isSurrogateKey>false</isSurrogateKey>
<indexColumnUsage>
<colUsage columnID="8FDDBFEB-D371-8B56-F4BF-4ABF76A05386"/>
<colUsage columnID="2B252225-A450-3480-1D33-230BC2C26413"/>
</indexColumnUsage>
</ind_PK_UK>
<ind_PK_UK id="C46BD1BF-B0A4-74F6-6895-46EAFBB68B6E" name="Napisati_Autor_FK">
<createdBy>DAKI</createdBy>
<createdTime>2025-06-24 16:10:55 UTC</createdTime>
<generatorID>09CB3814-ED1A-54DF-21D4-F1ADF6172EC6</generatorID>
<ownerDesignName>projekatC</ownerDesignName>
<indexState>Foreign Key</indexState>
<isSurrogateKey>false</isSurrogateKey>
<indexColumnUsage>
<colUsage columnID="8FDDBFEB-D371-8B56-F4BF-4ABF76A05386"/>
</indexColumnUsage>
</ind_PK_UK>
<ind_PK_UK id="83487C2C-6689-A32D-4CDF-BEB3F0DD113A" name="Napisati_Knjiga_FK">
<createdBy>DAKI</createdBy>
<createdTime>2025-06-24 16:10:55 UTC</createdTime>
<generatorID>09CB3814-ED1A-54DF-21D4-F1ADF6172EC6</generatorID>
<ownerDesignName>projekatC</ownerDesignName>
<indexState>Foreign Key</indexState>
<isSurrogateKey>false</isSurrogateKey>
<indexColumnUsage>
<colUsage columnID="2B252225-A450-3480-1D33-230BC2C26413"/>
</indexColumnUsage>
</ind_PK_UK>
</indexes>
</Table>