<?xml version = '1.0' encoding = 'UTF-8'?>
<Table class="oracle.dbtools.crest.model.design.relational.Table" directorySegmentName="seg_0" id="7B61F8A3-4730-A4E0-AF0B-D6E3E102292E" name="Pozajmiti">
<createdBy>DAKI</createdBy>
<createdTime>2025-06-24 16:10:55 UTC</createdTime>
<ownerDesignName>projekatC</ownerDesignName>
<allowColumnReorder>false</allowColumnReorder>
<existDependencyGenerateInDDl>true</existDependencyGenerateInDDl>
<parsed>true</parsed>
<columns itemClass="oracle.dbtools.crest.model.design.relational.Column">
<Column name="Clan_IDC" id="3A54AFF9-A4AE-336C-4BB6-E51464AF63C7">
<createdBy>DAKI</createdBy>
<createdTime>2025-06-24 16:10:55 UTC</createdTime>
<ownerDesignName>projekatC</ownerDesignName>
<useDomainConstraints>false</useDomainConstraints>
<use>1</use>
<logicalDatatype>LOGDT011</logicalDatatype>
<ownDataTypeParameters>,,</ownDataTypeParameters>
<previousColumn>false</previousColumn>
<autoIncrementCycle>false</autoIncrementCycle>
<associations>
<colAssociation fkAssociation="491923BA-CCB8-65DB-2A5E-82F95F9CCBC7" referredColumn="A77E70C7-A8B0-8926-F72E-CDE51F47A974"/>
</associations>
</Column>
<Column name="Knjiga_IDK" id="CF695F43-D728-2D1D-67D4-50BFB97FD5B5">
<createdBy>DAKI</createdBy>
<createdTime>2025-06-24 16:10:55 UTC</createdTime>
<ownerDesignName>projekatC</ownerDesignName>
<useDomainConstraints>false</useDomainConstraints>
<use>1</use>
<logicalDatatype>LOGDT011</logicalDatatype>
<ownDataTypeParameters>,,</ownDataTypeParameters>
<previousColumn>false</previousColumn>
<autoIncrementCycle>false</autoIncrementCycle>
<associations>
<colAssociation fkAssociation="1824FAA4-2308-F014-22E8-AF7E61732C68" referredColumn="57CAD718-FEAF-727F-E86E-D3FD76312E52"/>
</associations>
</Column>
<Column name="DU" id="D7BEC9D1-BEE1-DF77-C778-3E759E638D8C">
<createdBy>DAKI</createdBy>
<createdTime>2025-06-24 16:10:55 UTC</createdTime>
<generatorID>F06D322A-67BF-A209-F2A0-D0B0A9311B9B</generatorID>
<ownerDesignName>projekatC</ownerDesignName>
<useDomainConstraints>false</useDomainConstraints>
<use>1</use>
<logicalDatatype>LOGDT008</logicalDatatype>
<ownDataTypeParameters>,,</ownDataTypeParameters>
<autoIncrementCycle>false</autoIncrementCycle>
<isRelationshipColumn>true</isRelationshipColumn>
<isDependOnFK_AsMandatory>true</isDependOnFK_AsMandatory>
</Column>
<Column name="DV" id="4CCB4911-D11D-A117-6576-C6E350CC4CA7">
<createdBy>DAKI</createdBy>
<createdTime>2025-06-24 16:10:55 UTC</createdTime>
<generatorID>0CDA8F33-A4BF-E526-CDDC-97023AA68AD6</generatorID>
<ownerDesignName>projekatC</ownerDesignName>
<useDomainConstraints>false</useDomainConstraints>
<use>1</use>
<logicalDatatype>LOGDT008</logicalDatatype>
<ownDataTypeParameters>,,</ownDataTypeParameters>
<autoIncrementCycle>false</autoIncrementCycle>
<isRelationshipColumn>true</isRelationshipColumn>
<isDependOnFK_AsMandatory>true</isDependOnFK_AsMandatory>
</Column>
</columns>
<indexes itemClass="oracle.dbtools.crest.model.design.relational.Index">
<ind_PK_UK id="46364948-F7FD-6102-270B-1B96EC542757" name="Pozajmiti_PK">
<createdBy>DAKI</createdBy>
<createdTime>2025-06-24 16:10:55 UTC</createdTime>
<ownerDesignName>projekatC</ownerDesignName>
<pk>true</pk>
<indexState>Primary Constraint</indexState>
<isSurrogateKey>false</isSurrogateKey>
<indexColumnUsage>
<colUsage columnID="3A54AFF9-A4AE-336C-4BB6-E51464AF63C7"/>
<colUsage columnID="CF695F43-D728-2D1D-67D4-50BFB97FD5B5"/>
</indexColumnUsage>
</ind_PK_UK>
<ind_PK_UK id="29281476-4D86-1FAB-0788-DB2FC20B57CD" name="Pozajmiti_Clan_FK">
<createdBy>DAKI</createdBy>
<createdTime>2025-06-24 16:10:55 UTC</createdTime>
<generatorID>7B0AA2BD-BEB0-703C-1D21-4BA65E60F954</generatorID>
<ownerDesignName>projekatC</ownerDesignName>
<indexState>Foreign Key</indexState>
<isSurrogateKey>false</isSurrogateKey>
<indexColumnUsage>
<colUsage columnID="3A54AFF9-A4AE-336C-4BB6-E51464AF63C7"/>
</indexColumnUsage>
</ind_PK_UK>
<ind_PK_UK id="AA1B2B3B-D43E-4DEE-C98D-D821E769C7E4" name="Pozajmiti_Knjiga_FK">
<createdBy>DAKI</createdBy>
<createdTime>2025-06-24 16:10:55 UTC</createdTime>
<generatorID>7B0AA2BD-BEB0-703C-1D21-4BA65E60F954</generatorID>
<ownerDesignName>projekatC</ownerDesignName>
<indexState>Foreign Key</indexState>
<isSurrogateKey>false</isSurrogateKey>
<indexColumnUsage>
<colUsage columnID="CF695F43-D728-2D1D-67D4-50BFB97FD5B5"/>
</indexColumnUsage>
</ind_PK_UK>
</indexes>
</Table>