<?xml version = '1.0' encoding = 'UTF-8'?>
<Table class="oracle.dbtools.crest.model.design.relational.Table" directorySegmentName="seg_0" id="CDF7938A-3202-9741-E9DC-D9AAB50A39E9" name="Autor">
<createdBy>DAKI</createdBy>
<createdTime>2025-06-24 16:10:55 UTC</createdTime>
<generatorID>BD026665-135C-CE19-C591-246057E60937</generatorID>
<ownerDesignName>projekatC</ownerDesignName>
<allowColumnReorder>false</allowColumnReorder>
<existDependencyGenerateInDDl>true</existDependencyGenerateInDDl>
<parsed>true</parsed>
<columns itemClass="oracle.dbtools.crest.model.design.relational.Column">
<Column name="IDA" id="F23A8280-148D-FE6E-6CF2-8719DEF7F3C9">
<createdBy>DAKI</createdBy>
<createdTime>2025-06-24 16:10:55 UTC</createdTime>
<generatorID>ED8DCAA8-4C4E-2850-D46D-18D18230FE56</generatorID>
<ownerDesignName>projekatC</ownerDesignName>
<useDomainConstraints>false</useDomainConstraints>
<use>1</use>
<logicalDatatype>LOGDT011</logicalDatatype>
<ownDataTypeParameters>,,</ownDataTypeParameters>
<autoIncrementCycle>false</autoIncrementCycle>
</Column>
<Column name="IME" id="A65ECD14-EB40-168A-A44D-6DC9306F6200">
<createdBy>DAKI</createdBy>
<createdTime>2025-06-24 16:10:55 UTC</createdTime>
<generatorID>96129E37-83E3-7194-6F95-7185718BD28E</generatorID>
<ownerDesignName>projekatC</ownerDesignName>
<useDomainConstraints>false</useDomainConstraints>
<use>1</use>
<logicalDatatype>LOGDT024</logicalDatatype>
<dataTypeSize>50 CHAR</dataTypeSize>
<ownDataTypeParameters>50 CHAR,,</ownDataTypeParameters>
<autoIncrementCycle>false</autoIncrementCycle>
</Column>
<Column name="PREZIME" id="C7FEA639-077E-5ECC-D00D-2739DE52BAB2">
<createdBy>DAKI</createdBy>
<createdTime>2025-06-24 16:10:55 UTC</createdTime>
<generatorID>BDD656FE-52D7-629B-B55D-D934327E4778</generatorID>
<ownerDesignName>projekatC</ownerDesignName>
<useDomainConstraints>false</useDomainConstraints>
<use>1</use>
<logicalDatatype>LOGDT024</logicalDatatype>
<dataTypeSize>50 CHAR</dataTypeSize>
<ownDataTypeParameters>50 CHAR,,</ownDataTypeParameters>
<autoIncrementCycle>false</autoIncrementCycle>
</Column>
</columns>
<indexes itemClass="oracle.dbtools.crest.model.design.relational.Index">
<ind_PK_UK id="EAACB3AF-4DB0-A529-FE18-6A5944EFB174" name="Autor_PK">
<createdBy>DAKI</createdBy>
<createdTime>2025-06-24 16:10:55 UTC</createdTime>
<generatorID>957F10C2-9213-3004-493B-46D04C47E500</generatorID>
<ownerDesignName>projekatC</ownerDesignName>
<pk>true</pk>
<indexState>Primary Constraint</indexState>
<isSurrogateKey>false</isSurrogateKey>
<indexColumnUsage>
<colUsage columnID="F23A8280-148D-FE6E-6CF2-8719DEF7F3C9"/>
</indexColumnUsage>
</ind_PK_UK>
</indexes>
</Table>