<?xml version = '1.0' encoding = 'UTF-8'?>
<FKIndexAssociation class="oracle.dbtools.crest.model.design.relational.FKIndexAssociation" directorySegmentName="seg_0" id="1150C943-D4BF-541C-BBCA-F1F1B3B67382" containerWithKeyObject="FC58C74B-2C37-1CE4-F406-7D5B2ADE21CB" localFKIndex="BA9E7311-E57E-EB37-A6A5-3190E9732AFF" name="Pozajmiti_Clan_FK">
<createdBy>DAKI</createdBy>
<createdTime>2025-06-24 16:23:57 UTC</createdTime>
<generatorID>7B0AA2BD-BEB0-703C-1D21-4BA65E60F954</generatorID>
<ownerDesignName>projekatC</ownerDesignName>
<referredTableLongName>Clan</referredTableLongName>
<deleteRule>NO ACTION</deleteRule>
<referredTableID>B9F30F7E-D37A-3461-7E69-A228E1068E4B</referredTableID>
<keyObject>DDC8B37E-C3EE-A08E-24ED-73FCEAA4AA9D</keyObject>
<referredKeyID>DDC8B37E-C3EE-A08E-24ED-73FCEAA4AA9D</referredKeyID>
<mandatory>true</mandatory>
<refColNames>IDC</refColNames>
<transferable>true</transferable>
<rely>false</rely>
<columnDependencyConstraintGenerateInDDL>true</columnDependencyConstraintGenerateInDDL>
</FKIndexAssociation>