<?xml version = '1.0' encoding = 'UTF-8'?>
<FKIndexAssociation class="oracle.dbtools.crest.model.design.relational.FKIndexAssociation" directorySegmentName="seg_0" id="65451328-A5D5-5440-2214-F0E1EBE309C5" containerWithKeyObject="F142FE7C-EBDA-9F0C-6101-A1792059933D" localFKIndex="CF59E19C-E5C2-3DB8-282C-0664CB6FD751" name="Napisati_Autor_FK">
<createdBy>DAKI</createdBy>
<createdTime>2025-06-24 16:23:57 UTC</createdTime>
<generatorID>09CB3814-ED1A-54DF-21D4-F1ADF6172EC6</generatorID>
<ownerDesignName>projekatC</ownerDesignName>
<referredTableLongName>Autor</referredTableLongName>
<deleteRule>NO ACTION</deleteRule>
<referredTableID>CD6DDFCC-9824-9E2A-F697-2E6ABD7F51AC</referredTableID>
<keyObject>50A23D80-9253-1CB4-6529-F56D3E1F4227</keyObject>
<referredKeyID>50A23D80-9253-1CB4-6529-F56D3E1F4227</referredKeyID>
<mandatory>true</mandatory>
<refColNames>IDA</refColNames>
<transferable>true</transferable>
<rely>false</rely>
<columnDependencyConstraintGenerateInDDL>true</columnDependencyConstraintGenerateInDDL>
</FKIndexAssociation>