<?xml version = '1.0' encoding = 'UTF-8'?>
<FKIndexAssociation class="oracle.dbtools.crest.model.design.relational.FKIndexAssociation" directorySegmentName="seg_0" id="A6CBB077-95DB-7031-C482-29CFF9CD843A" containerWithKeyObject="FC58C74B-2C37-1CE4-F406-7D5B2ADE21CB" localFKIndex="581EEDA9-B92C-5145-E32A-DF9E6DDBB561" name="Pozajmiti_Knjiga_FK">
<createdBy>DAKI</createdBy>
<createdTime>2025-06-24 16:23:57 UTC</createdTime>
<generatorID>7B0AA2BD-BEB0-703C-1D21-4BA65E60F954</generatorID>
<ownerDesignName>projekatC</ownerDesignName>
<referredTableLongName>Knjiga</referredTableLongName>
<deleteRule>NO ACTION</deleteRule>
<referredTableID>60E53638-F041-BB82-303A-0DB2C71152D1</referredTableID>
<keyObject>A783BDE2-5CEC-5792-82AC-444C35E84DDA</keyObject>
<referredKeyID>A783BDE2-5CEC-5792-82AC-444C35E84DDA</referredKeyID>
<mandatory>true</mandatory>
<refColNames>IDK</refColNames>
<transferable>true</transferable>
<rely>false</rely>
<columnDependencyConstraintGenerateInDDL>true</columnDependencyConstraintGenerateInDDL>
</FKIndexAssociation>