<?xml version = '1.0' encoding = 'UTF-8'?>
<FKIndexAssociation class="oracle.dbtools.crest.model.design.relational.FKIndexAssociation" directorySegmentName="seg_0" id="D95BB6E2-8577-6819-605A-4E74070440A4" containerWithKeyObject="F142FE7C-EBDA-9F0C-6101-A1792059933D" localFKIndex="77036CA3-0A8B-278A-1A5B-61507F82E5C9" name="Napisati_Knjiga_FK">
<createdBy>DAKI</createdBy>
<createdTime>2025-06-24 16:23:57 UTC</createdTime>
<generatorID>09CB3814-ED1A-54DF-21D4-F1ADF6172EC6</generatorID>
<ownerDesignName>projekatC</ownerDesignName>
<referredTableLongName>Knjiga</referredTableLongName>
<deleteRule>NO ACTION</deleteRule>
<referredTableID>60E53638-F041-BB82-303A-0DB2C71152D1</referredTableID>
<keyObject>A783BDE2-5CEC-5792-82AC-444C35E84DDA</keyObject>
<referredKeyID>A783BDE2-5CEC-5792-82AC-444C35E84DDA</referredKeyID>
<mandatory>true</mandatory>
<refColNames>IDK</refColNames>
<transferable>true</transferable>
<rely>false</rely>
<columnDependencyConstraintGenerateInDDL>true</columnDependencyConstraintGenerateInDDL>
</FKIndexAssociation>