<?xml version = '1.0' encoding = 'UTF-8'?>
<FKIndexAssociation class="oracle.dbtools.crest.model.design.relational.FKIndexAssociation" directorySegmentName="seg_0" id="034E9260-8125-3433-AD24-3963FB24B03B" containerWithKeyObject="34566998-042D-C0EA-F2B8-179F9CC248B5" localFKIndex="83487C2C-6689-A32D-4CDF-BEB3F0DD113A" name="Napisati_Knjiga_FK">
<createdBy>DAKI</createdBy>
<createdTime>2025-06-24 16:10:55 UTC</createdTime>
<generatorID>09CB3814-ED1A-54DF-21D4-F1ADF6172EC6</generatorID>
<ownerDesignName>projekatC</ownerDesignName>
<referredTableLongName>Knjiga</referredTableLongName>
<deleteRule>NO ACTION</deleteRule>
<referredTableID>99886C8F-1213-EA0A-D16A-68219502406C</referredTableID>
<keyObject>B383478B-1F29-E045-6401-2943DACE02C4</keyObject>
<referredKeyID>B383478B-1F29-E045-6401-2943DACE02C4</referredKeyID>
<mandatory>true</mandatory>
<refColNames>IDK</refColNames>
<transferable>true</transferable>
<rely>false</rely>
<columnDependencyConstraintGenerateInDDL>true</columnDependencyConstraintGenerateInDDL>
</FKIndexAssociation>