<?xml version = '1.0' encoding = 'UTF-8'?>
<FKIndexAssociation class="oracle.dbtools.crest.model.design.relational.FKIndexAssociation" directorySegmentName="seg_0" id="1824FAA4-2308-F014-22E8-AF7E61732C68" containerWithKeyObject="7B61F8A3-4730-A4E0-AF0B-D6E3E102292E" localFKIndex="AA1B2B3B-D43E-4DEE-C98D-D821E769C7E4" name="Pozajmiti_Knjiga_FK">
<createdBy>DAKI</createdBy>
<createdTime>2025-06-24 16:10:55 UTC</createdTime>
<generatorID>7B0AA2BD-BEB0-703C-1D21-4BA65E60F954</generatorID>
<ownerDesignName>projekatC</ownerDesignName>
<referredTableLongName>Knjiga</referredTableLongName>
<deleteRule>NO ACTION</deleteRule>
<referredTableID>99886C8F-1213-EA0A-D16A-68219502406C</referredTableID>
<keyObject>B383478B-1F29-E045-6401-2943DACE02C4</keyObject>
<referredKeyID>B383478B-1F29-E045-6401-2943DACE02C4</referredKeyID>
<mandatory>true</mandatory>
<refColNames>IDK</refColNames>
<transferable>true</transferable>
<rely>false</rely>
<columnDependencyConstraintGenerateInDDL>true</columnDependencyConstraintGenerateInDDL>
</FKIndexAssociation>