<?xml version = '1.0' encoding = 'UTF-8'?>
<FKIndexAssociation class="oracle.dbtools.crest.model.design.relational.FKIndexAssociation" directorySegmentName="seg_0" id="491923BA-CCB8-65DB-2A5E-82F95F9CCBC7" containerWithKeyObject="7B61F8A3-4730-A4E0-AF0B-D6E3E102292E" localFKIndex="29281476-4D86-1FAB-0788-DB2FC20B57CD" name="Pozajmiti_Clan_FK">
<createdBy>DAKI</createdBy>
<createdTime>2025-06-24 16:10:55 UTC</createdTime>
<generatorID>7B0AA2BD-BEB0-703C-1D21-4BA65E60F954</generatorID>
<ownerDesignName>projekatC</ownerDesignName>
<referredTableLongName>Clan</referredTableLongName>
<deleteRule>NO ACTION</deleteRule>
<referredTableID>87976EBB-AE9E-0BDC-B35C-FB36DA79A67B</referredTableID>
<keyObject>4C8F1D16-091A-523C-86CB-58759FE94449</keyObject>
<referredKeyID>4C8F1D16-091A-523C-86CB-58759FE94449</referredKeyID>
<mandatory>true</mandatory>
<refColNames>IDC</refColNames>
<transferable>true</transferable>
<rely>false</rely>
<columnDependencyConstraintGenerateInDDL>true</columnDependencyConstraintGenerateInDDL>
</FKIndexAssociation>