<?xml version = '1.0' encoding = 'UTF-8'?>
<FKIndexAssociation class="oracle.dbtools.crest.model.design.relational.FKIndexAssociation" directorySegmentName="seg_0" id="F4CC226D-6B91-DBD7-1F61-5DEAC6339BF4" containerWithKeyObject="34566998-042D-C0EA-F2B8-179F9CC248B5" localFKIndex="C46BD1BF-B0A4-74F6-6895-46EAFBB68B6E" name="Napisati_Autor_FK">
<createdBy>DAKI</createdBy>
<createdTime>2025-06-24 16:10:55 UTC</createdTime>
<generatorID>09CB3814-ED1A-54DF-21D4-F1ADF6172EC6</generatorID>
<ownerDesignName>projekatC</ownerDesignName>
<referredTableLongName>Autor</referredTableLongName>
<deleteRule>NO ACTION</deleteRule>
<referredTableID>CDF7938A-3202-9741-E9DC-D9AAB50A39E9</referredTableID>
<keyObject>EAACB3AF-4DB0-A529-FE18-6A5944EFB174</keyObject>
<referredKeyID>EAACB3AF-4DB0-A529-FE18-6A5944EFB174</referredKeyID>
<mandatory>true</mandatory>
<refColNames>IDA</refColNames>
<transferable>true</transferable>
<rely>false</rely>
<columnDependencyConstraintGenerateInDDL>true</columnDependencyConstraintGenerateInDDL>
</FKIndexAssociation>