<?xml version = '1.0' encoding = 'UTF-8'?>
<FKIndexAssociation class="oracle.dbtools.crest.model.design.relational.FKIndexAssociation" directorySegmentName="seg_0" id="1FEA32B6-1A6C-A6FE-54BC-CF2AC9EC90B4" containerWithKeyObject="95D0A4C4-1D60-C56B-1E94-270092C03AA5" localFKIndex="42A121E9-7559-6D97-CD7E-F267FBCBD677" name="Napisati_Knjiga_FK">
<createdBy>DAKI</createdBy>
<createdTime>2025-07-08 09:31:14 UTC</createdTime>
<generatorID>09CB3814-ED1A-54DF-21D4-F1ADF6172EC6</generatorID>
<ownerDesignName>projekatC</ownerDesignName>
<referredTableLongName>Knjiga</referredTableLongName>
<deleteRule>CASCADE</deleteRule>
<referredTableID>0B45952F-78E0-0767-D025-0B6E0BCF12FF</referredTableID>
<keyObject>66532409-7EE2-0A01-03AB-779AA3140C1C</keyObject>
<referredKeyID>66532409-7EE2-0A01-03AB-779AA3140C1C</referredKeyID>
<mandatory>true</mandatory>
<refColNames>IDK</refColNames>
<transferable>true</transferable>
<rely>false</rely>
<columnDependencyConstraintGenerateInDDL>true</columnDependencyConstraintGenerateInDDL>
</FKIndexAssociation>