<?xml version = '1.0' encoding = 'UTF-8'?>
<FKIndexAssociation class="oracle.dbtools.crest.model.design.relational.FKIndexAssociation" directorySegmentName="seg_0" id="294F4BBD-A8E7-6DCA-18AE-FD4E5E5213D4" containerWithKeyObject="95D0A4C4-1D60-C56B-1E94-270092C03AA5" localFKIndex="D1FB28FD-2199-FD30-C88E-7201B69F2858" name="Napisati_Autor_FK">
<createdBy>DAKI</createdBy>
<createdTime>2025-07-08 09:31:14 UTC</createdTime>
<generatorID>09CB3814-ED1A-54DF-21D4-F1ADF6172EC6</generatorID>
<ownerDesignName>projekatC</ownerDesignName>
<referredTableLongName>Autor</referredTableLongName>
<deleteRule>CASCADE</deleteRule>
<referredTableID>EE52057D-6774-E353-9FC6-16225860D7DD</referredTableID>
<keyObject>82848E75-62E6-E8EC-CCE9-28066FFBC04A</keyObject>
<referredKeyID>82848E75-62E6-E8EC-CCE9-28066FFBC04A</referredKeyID>
<mandatory>true</mandatory>
<refColNames>IDA</refColNames>
<transferable>true</transferable>
<rely>false</rely>
<columnDependencyConstraintGenerateInDDL>true</columnDependencyConstraintGenerateInDDL>
</FKIndexAssociation>