<?xml version = '1.0' encoding = 'UTF-8'?>
<FKIndexAssociation class="oracle.dbtools.crest.model.design.relational.FKIndexAssociation" directorySegmentName="seg_0" id="765DE53D-3BE6-CB37-92CE-A88E5C415D72" containerWithKeyObject="4575CB49-D7FC-7CB1-8444-AE5B2D7BFB67" localFKIndex="28385484-B87F-9965-D9D5-93181F4D2CA9" name="Pozajmiti_Clan_FK">
<createdBy>DAKI</createdBy>
<createdTime>2025-07-08 09:31:14 UTC</createdTime>
<generatorID>7B0AA2BD-BEB0-703C-1D21-4BA65E60F954</generatorID>
<ownerDesignName>projekatC</ownerDesignName>
<referredTableLongName>Clan</referredTableLongName>
<deleteRule>CASCADE</deleteRule>
<referredTableID>5D414B7D-D9B6-649F-BA01-729B23A123F3</referredTableID>
<keyObject>ED60DCC8-D2F5-1894-7CEF-E9BB6CAA1702</keyObject>
<referredKeyID>ED60DCC8-D2F5-1894-7CEF-E9BB6CAA1702</referredKeyID>
<mandatory>true</mandatory>
<refColNames>IDC</refColNames>
<transferable>true</transferable>
<rely>false</rely>
<columnDependencyConstraintGenerateInDDL>true</columnDependencyConstraintGenerateInDDL>
</FKIndexAssociation>