<?xml version = '1.0' encoding = 'UTF-8'?>
<FKIndexAssociation class="oracle.dbtools.crest.model.design.relational.FKIndexAssociation" directorySegmentName="seg_0" id="C9CC0B64-FC43-A617-3EA7-79EA3EBA7A04" containerWithKeyObject="4575CB49-D7FC-7CB1-8444-AE5B2D7BFB67" localFKIndex="77625262-DD2D-3A1B-0C47-C1C06597CE7A" name="Pozajmiti_Knjiga_FK">
<createdBy>DAKI</createdBy>
<createdTime>2025-07-08 09:31:14 UTC</createdTime>
<generatorID>7B0AA2BD-BEB0-703C-1D21-4BA65E60F954</generatorID>
<ownerDesignName>projekatC</ownerDesignName>
<referredTableLongName>Knjiga</referredTableLongName>
<deleteRule>CASCADE</deleteRule>
<referredTableID>0B45952F-78E0-0767-D025-0B6E0BCF12FF</referredTableID>
<keyObject>66532409-7EE2-0A01-03AB-779AA3140C1C</keyObject>
<referredKeyID>66532409-7EE2-0A01-03AB-779AA3140C1C</referredKeyID>
<mandatory>true</mandatory>
<refColNames>IDK</refColNames>
<transferable>true</transferable>
<rely>false</rely>
<columnDependencyConstraintGenerateInDDL>true</columnDependencyConstraintGenerateInDDL>
</FKIndexAssociation>