<?xml version = '1.0' encoding = 'UTF-8'?>
<Table class="oracle.dbtools.crest.model.design.relational.Table" directorySegmentName="seg_0" id="29AA9448-ED53-F11E-F567-4F25766892B1" name="dm64924_clan">
<createdBy>DAKI</createdBy>
<createdTime>2025-06-24 17:08:14 UTC</createdTime>
<generatorID>449F8EA6-0D1A-8B58-3973-0A5800B4DAC1</generatorID>
<ownerDesignName>projekatC</ownerDesignName>
<ordsAlias>clan</ordsAlias>
<allowColumnReorder>false</allowColumnReorder>
<existDependencyGenerateInDDl>true</existDependencyGenerateInDDl>
<parsed>true</parsed>
<columns itemClass="oracle.dbtools.crest.model.design.relational.Column">
<Column name="IDC" id="40F99719-367B-AB76-DF53-6AF6A332FC91">
<createdBy>DAKI</createdBy>
<createdTime>2025-06-24 17:08:14 UTC</createdTime>
<generatorID>01B2AFC8-16ED-DE19-B749-0FC15AF27274</generatorID>
<ownerDesignName>projekatC</ownerDesignName>
<useDomainConstraints>false</useDomainConstraints>
<use>1</use>
<logicalDatatype>LOGDT011</logicalDatatype>
<ownDataTypeParameters>,,</ownDataTypeParameters>
<autoIncrementCycle>false</autoIncrementCycle>
</Column>
<Column name="IME" id="3C15B667-5387-B7E1-759D-380483585D3B">
<createdBy>DAKI</createdBy>
<createdTime>2025-06-24 17:08:14 UTC</createdTime>
<generatorID>CCFE590E-D392-6E32-FAB9-A020127CBB4E</generatorID>
<ownerDesignName>projekatC</ownerDesignName>
<useDomainConstraints>false</useDomainConstraints>
<use>1</use>
<logicalDatatype>LOGDT024</logicalDatatype>
<dataTypeSize>50 CHAR</dataTypeSize>
<ownDataTypeParameters>50 CHAR,,</ownDataTypeParameters>
<autoIncrementCycle>false</autoIncrementCycle>
</Column>
<Column name="PREZIME" id="19EDDC52-BB3F-3860-3BCD-D6FBD43B6033">
<createdBy>DAKI</createdBy>
<createdTime>2025-06-24 17:08:14 UTC</createdTime>
<generatorID>140E1E44-0D88-55C9-07BF-D6ACA9914C25</generatorID>
<ownerDesignName>projekatC</ownerDesignName>
<useDomainConstraints>false</useDomainConstraints>
<use>1</use>
<logicalDatatype>LOGDT024</logicalDatatype>
<dataTypeSize>50 CHAR</dataTypeSize>
<ownDataTypeParameters>50 CHAR,,</ownDataTypeParameters>
<autoIncrementCycle>false</autoIncrementCycle>
</Column>
</columns>
<indexes itemClass="oracle.dbtools.crest.model.design.relational.Index">
<ind_PK_UK id="3FA64EAB-732A-8A6E-154F-CA22E67C198A" name="Clan_PK">
<createdBy>DAKI</createdBy>
<createdTime>2025-06-24 17:08:14 UTC</createdTime>
<generatorID>6F9ABAA0-CF85-4FE5-ACB0-B21B38E3CF2F</generatorID>
<ownerDesignName>projekatC</ownerDesignName>
<pk>true</pk>
<indexState>Primary Constraint</indexState>
<isSurrogateKey>false</isSurrogateKey>
<indexColumnUsage>
<colUsage columnID="40F99719-367B-AB76-DF53-6AF6A332FC91"/>
</indexColumnUsage>
</ind_PK_UK>
</indexes>
</Table>