<?xml version = '1.0' encoding = 'UTF-8'?>
<Table class="oracle.dbtools.crest.model.design.relational.Table" directorySegmentName="seg_0" id="4291F9B5-0A70-B47B-1E42-5FA7DB7CEF52" name="dm64924_autor">
<createdBy>DAKI</createdBy>
<createdTime>2025-06-24 17:08:14 UTC</createdTime>
<generatorID>BD026665-135C-CE19-C591-246057E60937</generatorID>
<ownerDesignName>projekatC</ownerDesignName>
<ordsAlias>autor</ordsAlias>
<allowColumnReorder>false</allowColumnReorder>
<existDependencyGenerateInDDl>true</existDependencyGenerateInDDl>
<parsed>true</parsed>
<columns itemClass="oracle.dbtools.crest.model.design.relational.Column">
<Column name="IDA" id="60208251-DE7F-F9F6-E700-5B50014E12D0">
<createdBy>DAKI</createdBy>
<createdTime>2025-06-24 17:08:14 UTC</createdTime>
<generatorID>ED8DCAA8-4C4E-2850-D46D-18D18230FE56</generatorID>
<ownerDesignName>projekatC</ownerDesignName>
<useDomainConstraints>false</useDomainConstraints>
<use>1</use>
<logicalDatatype>LOGDT011</logicalDatatype>
<ownDataTypeParameters>,,</ownDataTypeParameters>
<autoIncrementCycle>false</autoIncrementCycle>
</Column>
<Column name="IME" id="2405EEFA-E7C5-0708-18E9-DC3A7A9A15B0">
<createdBy>DAKI</createdBy>
<createdTime>2025-06-24 17:08:14 UTC</createdTime>
<generatorID>96129E37-83E3-7194-6F95-7185718BD28E</generatorID>
<ownerDesignName>projekatC</ownerDesignName>
<useDomainConstraints>false</useDomainConstraints>
<use>1</use>
<logicalDatatype>LOGDT024</logicalDatatype>
<dataTypeSize>50 CHAR</dataTypeSize>
<ownDataTypeParameters>50 CHAR,,</ownDataTypeParameters>
<autoIncrementCycle>false</autoIncrementCycle>
</Column>
<Column name="PREZIME" id="22E9E37E-A6EF-BCDC-7FAC-6C80071330FD">
<createdBy>DAKI</createdBy>
<createdTime>2025-06-24 17:08:14 UTC</createdTime>
<generatorID>BDD656FE-52D7-629B-B55D-D934327E4778</generatorID>
<ownerDesignName>projekatC</ownerDesignName>
<useDomainConstraints>false</useDomainConstraints>
<use>1</use>
<logicalDatatype>LOGDT024</logicalDatatype>
<dataTypeSize>50 CHAR</dataTypeSize>
<ownDataTypeParameters>50 CHAR,,</ownDataTypeParameters>
<autoIncrementCycle>false</autoIncrementCycle>
</Column>
</columns>
<indexes itemClass="oracle.dbtools.crest.model.design.relational.Index">
<ind_PK_UK id="7A980030-E291-C852-57E4-E26CE936570E" name="Autor_PK">
<createdBy>DAKI</createdBy>
<createdTime>2025-06-24 17:08:14 UTC</createdTime>
<generatorID>957F10C2-9213-3004-493B-46D04C47E500</generatorID>
<ownerDesignName>projekatC</ownerDesignName>
<pk>true</pk>
<indexState>Primary Constraint</indexState>
<isSurrogateKey>false</isSurrogateKey>
<indexColumnUsage>
<colUsage columnID="60208251-DE7F-F9F6-E700-5B50014E12D0"/>
</indexColumnUsage>
</ind_PK_UK>
</indexes>
</Table>