<?xml version = '1.0' encoding = 'UTF-8'?>
<Table class="oracle.dbtools.crest.model.design.relational.Table" directorySegmentName="seg_0" id="9B571058-AF65-F638-A0DE-2117CF22B510" name="dm64924_pozajmiti">
<createdBy>DAKI</createdBy>
<createdTime>2025-06-24 17:08:14 UTC</createdTime>
<ownerDesignName>projekatC</ownerDesignName>
<ordsAlias>pozajmiti</ordsAlias>
<allowColumnReorder>false</allowColumnReorder>
<existDependencyGenerateInDDl>true</existDependencyGenerateInDDl>
<parsed>true</parsed>
<columns itemClass="oracle.dbtools.crest.model.design.relational.Column">
<Column name="Clan_IDC" id="49ADB6B7-FB8A-27F9-D325-9E048873FE5B">
<createdBy>DAKI</createdBy>
<createdTime>2025-06-24 17:08:14 UTC</createdTime>
<ownerDesignName>projekatC</ownerDesignName>
<useDomainConstraints>false</useDomainConstraints>
<use>1</use>
<logicalDatatype>LOGDT011</logicalDatatype>
<ownDataTypeParameters>,,</ownDataTypeParameters>
<previousColumn>false</previousColumn>
<autoIncrementCycle>false</autoIncrementCycle>
<associations>
<colAssociation fkAssociation="1F0ADC68-CEAE-BB24-F4E1-E4B119F78787" referredColumn="40F99719-367B-AB76-DF53-6AF6A332FC91"/>
</associations>
</Column>
<Column name="Knjiga_IDK" id="79BF166D-6349-F3AB-594F-BFECB41068A8">
<createdBy>DAKI</createdBy>
<createdTime>2025-06-24 17:08:14 UTC</createdTime>
<ownerDesignName>projekatC</ownerDesignName>
<useDomainConstraints>false</useDomainConstraints>
<use>1</use>
<logicalDatatype>LOGDT011</logicalDatatype>
<ownDataTypeParameters>,,</ownDataTypeParameters>
<previousColumn>false</previousColumn>
<autoIncrementCycle>false</autoIncrementCycle>
<associations>
<colAssociation fkAssociation="878C9DCC-F404-0618-9D5A-21D388749DC7" referredColumn="CA44306F-2E32-F2A0-1FD5-9AFB03BF49ED"/>
</associations>
</Column>
<Column name="DU" id="68E5B759-C9C0-CD70-4CD9-656C370DEC1B">
<createdBy>DAKI</createdBy>
<createdTime>2025-06-24 17:08:14 UTC</createdTime>
<generatorID>F06D322A-67BF-A209-F2A0-D0B0A9311B9B</generatorID>
<ownerDesignName>projekatC</ownerDesignName>
<useDomainConstraints>false</useDomainConstraints>
<use>1</use>
<logicalDatatype>LOGDT008</logicalDatatype>
<ownDataTypeParameters>,,</ownDataTypeParameters>
<autoIncrementCycle>false</autoIncrementCycle>
<isRelationshipColumn>true</isRelationshipColumn>
<isDependOnFK_AsMandatory>true</isDependOnFK_AsMandatory>
</Column>
<Column name="DV" id="DFF71C52-62F0-0AF9-C78E-CBAEFD156FF4">
<createdBy>DAKI</createdBy>
<createdTime>2025-06-24 17:08:14 UTC</createdTime>
<generatorID>0CDA8F33-A4BF-E526-CDDC-97023AA68AD6</generatorID>
<ownerDesignName>projekatC</ownerDesignName>
<nullsAllowed>true</nullsAllowed>
<useDomainConstraints>false</useDomainConstraints>
<use>1</use>
<logicalDatatype>LOGDT008</logicalDatatype>
<ownDataTypeParameters>,,</ownDataTypeParameters>
<autoIncrementCycle>false</autoIncrementCycle>
<isRelationshipColumn>true</isRelationshipColumn>
</Column>
</columns>
<indexes itemClass="oracle.dbtools.crest.model.design.relational.Index">
<ind_PK_UK id="251B4F17-A4A2-1BA9-0676-0A412BF0AC62" name="Pozajmiti_PK">
<createdBy>DAKI</createdBy>
<createdTime>2025-06-24 17:08:14 UTC</createdTime>
<ownerDesignName>projekatC</ownerDesignName>
<pk>true</pk>
<indexState>Primary Constraint</indexState>
<isSurrogateKey>false</isSurrogateKey>
<indexColumnUsage>
<colUsage columnID="49ADB6B7-FB8A-27F9-D325-9E048873FE5B"/>
<colUsage columnID="79BF166D-6349-F3AB-594F-BFECB41068A8"/>
</indexColumnUsage>
</ind_PK_UK>
<ind_PK_UK id="4402C2D1-2E2C-10E5-8E68-899268D68592" name="Pozajmiti_Clan_FK">
<createdBy>DAKI</createdBy>
<createdTime>2025-06-24 17:08:14 UTC</createdTime>
<generatorID>7B0AA2BD-BEB0-703C-1D21-4BA65E60F954</generatorID>
<ownerDesignName>projekatC</ownerDesignName>
<indexState>Foreign Key</indexState>
<isSurrogateKey>false</isSurrogateKey>
<indexColumnUsage>
<colUsage columnID="49ADB6B7-FB8A-27F9-D325-9E048873FE5B"/>
</indexColumnUsage>
</ind_PK_UK>
<ind_PK_UK id="4DF9C0C1-B808-7AE2-A704-171482003198" name="Pozajmiti_Knjiga_FK">
<createdBy>DAKI</createdBy>
<createdTime>2025-06-24 17:08:14 UTC</createdTime>
<generatorID>7B0AA2BD-BEB0-703C-1D21-4BA65E60F954</generatorID>
<ownerDesignName>projekatC</ownerDesignName>
<indexState>Foreign Key</indexState>
<isSurrogateKey>false</isSurrogateKey>
<indexColumnUsage>
<colUsage columnID="79BF166D-6349-F3AB-594F-BFECB41068A8"/>
</indexColumnUsage>
</ind_PK_UK>
</indexes>
</Table>