<?xml version = '1.0' encoding = 'UTF-8'?>
<Table class="oracle.dbtools.crest.model.design.relational.Table" directorySegmentName="seg_0" id="A1B56C7F-001A-2609-391A-025A0145C8E5" name="dm64924_napisati">
<createdBy>DAKI</createdBy>
<createdTime>2025-06-24 17:08:14 UTC</createdTime>
<ownerDesignName>projekatC</ownerDesignName>
<ordsAlias>napisati</ordsAlias>
<allowColumnReorder>false</allowColumnReorder>
<existDependencyGenerateInDDl>true</existDependencyGenerateInDDl>
<parsed>true</parsed>
<columns itemClass="oracle.dbtools.crest.model.design.relational.Column">
<Column name="Autor_IDA" id="0276FEEB-902C-0C8D-AE2C-366BB0D2D922">
<createdBy>DAKI</createdBy>
<createdTime>2025-06-24 17:08:14 UTC</createdTime>
<ownerDesignName>projekatC</ownerDesignName>
<useDomainConstraints>false</useDomainConstraints>
<use>1</use>
<logicalDatatype>LOGDT011</logicalDatatype>
<ownDataTypeParameters>,,</ownDataTypeParameters>
<previousColumn>false</previousColumn>
<autoIncrementCycle>false</autoIncrementCycle>
<associations>
<colAssociation fkAssociation="A554CBF1-C967-C191-DB62-8390BD4E9BAF" referredColumn="60208251-DE7F-F9F6-E700-5B50014E12D0"/>
</associations>
</Column>
<Column name="Knjiga_IDK" id="93458C8D-B90B-46CE-1398-50CF3A1523A7">
<createdBy>DAKI</createdBy>
<createdTime>2025-06-24 17:08:14 UTC</createdTime>
<ownerDesignName>projekatC</ownerDesignName>
<useDomainConstraints>false</useDomainConstraints>
<use>1</use>
<logicalDatatype>LOGDT011</logicalDatatype>
<ownDataTypeParameters>,,</ownDataTypeParameters>
<previousColumn>false</previousColumn>
<autoIncrementCycle>false</autoIncrementCycle>
<associations>
<colAssociation fkAssociation="5A777E3A-8E44-6D7B-D3BC-AA4FF6759775" referredColumn="CA44306F-2E32-F2A0-1FD5-9AFB03BF49ED"/>
</associations>
</Column>
</columns>
<indexes itemClass="oracle.dbtools.crest.model.design.relational.Index">
<ind_PK_UK id="CC41F123-B640-E922-798D-7F13E797FD28" name="Napisati_PK">
<createdBy>DAKI</createdBy>
<createdTime>2025-06-24 17:08:14 UTC</createdTime>
<ownerDesignName>projekatC</ownerDesignName>
<pk>true</pk>
<indexState>Primary Constraint</indexState>
<isSurrogateKey>false</isSurrogateKey>
<indexColumnUsage>
<colUsage columnID="0276FEEB-902C-0C8D-AE2C-366BB0D2D922"/>
<colUsage columnID="93458C8D-B90B-46CE-1398-50CF3A1523A7"/>
</indexColumnUsage>
</ind_PK_UK>
<ind_PK_UK id="05035F76-CBC4-4272-342F-FE4785EEEF6E" name="Napisati_Autor_FK">
<createdBy>DAKI</createdBy>
<createdTime>2025-06-24 17:08:14 UTC</createdTime>
<generatorID>09CB3814-ED1A-54DF-21D4-F1ADF6172EC6</generatorID>
<ownerDesignName>projekatC</ownerDesignName>
<indexState>Foreign Key</indexState>
<isSurrogateKey>false</isSurrogateKey>
<indexColumnUsage>
<colUsage columnID="0276FEEB-902C-0C8D-AE2C-366BB0D2D922"/>
</indexColumnUsage>
</ind_PK_UK>
<ind_PK_UK id="D802F384-0846-7144-A2D9-573328EE7CD3" name="Napisati_Knjiga_FK">
<createdBy>DAKI</createdBy>
<createdTime>2025-06-24 17:08:14 UTC</createdTime>
<generatorID>09CB3814-ED1A-54DF-21D4-F1ADF6172EC6</generatorID>
<ownerDesignName>projekatC</ownerDesignName>
<indexState>Foreign Key</indexState>
<isSurrogateKey>false</isSurrogateKey>
<indexColumnUsage>
<colUsage columnID="93458C8D-B90B-46CE-1398-50CF3A1523A7"/>
</indexColumnUsage>
</ind_PK_UK>
</indexes>
</Table>