<?xml version = '1.0' encoding = 'UTF-8'?>
<Table class="oracle.dbtools.crest.model.design.relational.Table" directorySegmentName="seg_0" id="13C218E4-B2C1-0EFB-BB5C-2225BE59BCAE" name="Pozajmiti">
<createdBy>DAKI</createdBy>
<createdTime>2025-07-08 09:40:14 UTC</createdTime>
<ownerDesignName>projekatC</ownerDesignName>
<allowColumnReorder>false</allowColumnReorder>
<existDependencyGenerateInDDl>true</existDependencyGenerateInDDl>
<parsed>true</parsed>
<columns itemClass="oracle.dbtools.crest.model.design.relational.Column">
<Column name="Clan_IDC" id="66A97166-21C1-B62A-521B-3516B46652C0">
<createdBy>DAKI</createdBy>
<createdTime>2025-07-08 09:40:14 UTC</createdTime>
<ownerDesignName>projekatC</ownerDesignName>
<useDomainConstraints>false</useDomainConstraints>
<use>1</use>
<logicalDatatype>LOGDT011</logicalDatatype>
<ownDataTypeParameters>,,</ownDataTypeParameters>
<previousColumn>false</previousColumn>
<autoIncrementCycle>false</autoIncrementCycle>
<associations>
<colAssociation fkAssociation="1133055E-D22E-21D8-90DB-EA32102433D1" referredColumn="DA893EAF-2F86-238D-73DA-E69155AD5E54"/>
</associations>
</Column>
<Column name="Knjiga_IDK" id="D0F3D65C-1A12-189E-1412-16971FA508CB">
<createdBy>DAKI</createdBy>
<createdTime>2025-07-08 09:40:14 UTC</createdTime>
<ownerDesignName>projekatC</ownerDesignName>
<useDomainConstraints>false</useDomainConstraints>
<use>1</use>
<logicalDatatype>LOGDT011</logicalDatatype>
<ownDataTypeParameters>,,</ownDataTypeParameters>
<previousColumn>false</previousColumn>
<autoIncrementCycle>false</autoIncrementCycle>
<associations>
<colAssociation fkAssociation="CDF8C163-2F86-AB91-1086-9015E7246FA5" referredColumn="D9C31E22-1FBF-1862-8866-A997EF81F6D0"/>
</associations>
</Column>
<Column name="DU" id="387069A1-99C0-8CFD-42E3-D0584BACA393">
<createdBy>DAKI</createdBy>
<createdTime>2025-07-08 09:40:14 UTC</createdTime>
<generatorID>F06D322A-67BF-A209-F2A0-D0B0A9311B9B</generatorID>
<ownerDesignName>projekatC</ownerDesignName>
<useDomainConstraints>false</useDomainConstraints>
<use>1</use>
<logicalDatatype>LOGDT008</logicalDatatype>
<ownDataTypeParameters>,,</ownDataTypeParameters>
<autoIncrementCycle>false</autoIncrementCycle>
<isRelationshipColumn>true</isRelationshipColumn>
<isDependOnFK_AsMandatory>true</isDependOnFK_AsMandatory>
</Column>
<Column name="DV" id="904425B0-31D4-A0C5-6226-9C43679B08D8">
<createdBy>DAKI</createdBy>
<createdTime>2025-07-08 09:40:14 UTC</createdTime>
<generatorID>0CDA8F33-A4BF-E526-CDDC-97023AA68AD6</generatorID>
<ownerDesignName>projekatC</ownerDesignName>
<nullsAllowed>true</nullsAllowed>
<useDomainConstraints>false</useDomainConstraints>
<use>1</use>
<logicalDatatype>LOGDT008</logicalDatatype>
<ownDataTypeParameters>,,</ownDataTypeParameters>
<autoIncrementCycle>false</autoIncrementCycle>
<isRelationshipColumn>true</isRelationshipColumn>
</Column>
</columns>
<indexes itemClass="oracle.dbtools.crest.model.design.relational.Index">
<ind_PK_UK id="69E01CE5-CAE9-7E88-8FBA-1ECFA9521991" name="Pozajmiti_PK">
<createdBy>DAKI</createdBy>
<createdTime>2025-07-08 09:40:14 UTC</createdTime>
<ownerDesignName>projekatC</ownerDesignName>
<pk>true</pk>
<indexState>Primary Constraint</indexState>
<isSurrogateKey>false</isSurrogateKey>
<indexColumnUsage>
<colUsage columnID="66A97166-21C1-B62A-521B-3516B46652C0"/>
<colUsage columnID="D0F3D65C-1A12-189E-1412-16971FA508CB"/>
</indexColumnUsage>
</ind_PK_UK>
<ind_PK_UK id="D49740FE-F121-AC95-82F4-EFDBC8F08AA8" name="Pozajmiti_Clan_FK">
<createdBy>DAKI</createdBy>
<createdTime>2025-07-08 09:40:14 UTC</createdTime>
<generatorID>7B0AA2BD-BEB0-703C-1D21-4BA65E60F954</generatorID>
<ownerDesignName>projekatC</ownerDesignName>
<indexState>Foreign Key</indexState>
<isSurrogateKey>false</isSurrogateKey>
<indexColumnUsage>
<colUsage columnID="66A97166-21C1-B62A-521B-3516B46652C0"/>
</indexColumnUsage>
</ind_PK_UK>
<ind_PK_UK id="B6DF29D0-5BA4-CC64-1916-630BD31F77F6" name="Pozajmiti_Knjiga_FK">
<createdBy>DAKI</createdBy>
<createdTime>2025-07-08 09:40:14 UTC</createdTime>
<generatorID>7B0AA2BD-BEB0-703C-1D21-4BA65E60F954</generatorID>
<ownerDesignName>projekatC</ownerDesignName>
<indexState>Foreign Key</indexState>
<isSurrogateKey>false</isSurrogateKey>
<indexColumnUsage>
<colUsage columnID="D0F3D65C-1A12-189E-1412-16971FA508CB"/>
</indexColumnUsage>
</ind_PK_UK>
</indexes>
</Table>