<?xml version = '1.0' encoding = 'UTF-8'?>
<Table class="oracle.dbtools.crest.model.design.relational.Table" directorySegmentName="seg_0" id="8ECAA1E1-881D-1618-B6AC-EF26F0636A76" name="Napisati">
<createdBy>DAKI</createdBy>
<createdTime>2025-07-08 09:40:14 UTC</createdTime>
<ownerDesignName>projekatC</ownerDesignName>
<allowColumnReorder>false</allowColumnReorder>
<existDependencyGenerateInDDl>true</existDependencyGenerateInDDl>
<parsed>true</parsed>
<columns itemClass="oracle.dbtools.crest.model.design.relational.Column">
<Column name="Autor_IDA" id="CEFDB007-75EC-6B8A-2E5B-09EDB8B347BF">
<createdBy>DAKI</createdBy>
<createdTime>2025-07-08 09:40:14 UTC</createdTime>
<ownerDesignName>projekatC</ownerDesignName>
<useDomainConstraints>false</useDomainConstraints>
<use>1</use>
<logicalDatatype>LOGDT011</logicalDatatype>
<ownDataTypeParameters>,,</ownDataTypeParameters>
<previousColumn>false</previousColumn>
<autoIncrementCycle>false</autoIncrementCycle>
<associations>
<colAssociation fkAssociation="7F90541B-50A5-0E70-C7E0-3F57940B0363" referredColumn="4EB0D77A-737A-5963-EAA2-F393CC09F30C"/>
</associations>
</Column>
<Column name="Knjiga_IDK" id="B919B5EA-FD97-CAF0-23CF-102801915D10">
<createdBy>DAKI</createdBy>
<createdTime>2025-07-08 09:40:14 UTC</createdTime>
<ownerDesignName>projekatC</ownerDesignName>
<useDomainConstraints>false</useDomainConstraints>
<use>1</use>
<logicalDatatype>LOGDT011</logicalDatatype>
<ownDataTypeParameters>,,</ownDataTypeParameters>
<previousColumn>false</previousColumn>
<autoIncrementCycle>false</autoIncrementCycle>
<associations>
<colAssociation fkAssociation="AC913265-D723-84B9-9109-3B50294EFD32" referredColumn="D9C31E22-1FBF-1862-8866-A997EF81F6D0"/>
</associations>
</Column>
</columns>
<indexes itemClass="oracle.dbtools.crest.model.design.relational.Index">
<ind_PK_UK id="7D208219-1251-EC5E-8B88-C32358879838" name="Napisati_PK">
<createdBy>DAKI</createdBy>
<createdTime>2025-07-08 09:40:14 UTC</createdTime>
<ownerDesignName>projekatC</ownerDesignName>
<pk>true</pk>
<indexState>Primary Constraint</indexState>
<isSurrogateKey>false</isSurrogateKey>
<indexColumnUsage>
<colUsage columnID="CEFDB007-75EC-6B8A-2E5B-09EDB8B347BF"/>
<colUsage columnID="B919B5EA-FD97-CAF0-23CF-102801915D10"/>
</indexColumnUsage>
</ind_PK_UK>
<ind_PK_UK id="B528C877-9D73-E3F5-9AA4-51787B0C3310" name="Napisati_Autor_FK">
<createdBy>DAKI</createdBy>
<createdTime>2025-07-08 09:40:14 UTC</createdTime>
<generatorID>09CB3814-ED1A-54DF-21D4-F1ADF6172EC6</generatorID>
<ownerDesignName>projekatC</ownerDesignName>
<indexState>Foreign Key</indexState>
<isSurrogateKey>false</isSurrogateKey>
<indexColumnUsage>
<colUsage columnID="CEFDB007-75EC-6B8A-2E5B-09EDB8B347BF"/>
</indexColumnUsage>
</ind_PK_UK>
<ind_PK_UK id="2DEA12E1-D27A-FB14-27FF-D1DB11095B03" name="Napisati_Knjiga_FK">
<createdBy>DAKI</createdBy>
<createdTime>2025-07-08 09:40:14 UTC</createdTime>
<generatorID>09CB3814-ED1A-54DF-21D4-F1ADF6172EC6</generatorID>
<ownerDesignName>projekatC</ownerDesignName>
<indexState>Foreign Key</indexState>
<isSurrogateKey>false</isSurrogateKey>
<indexColumnUsage>
<colUsage columnID="B919B5EA-FD97-CAF0-23CF-102801915D10"/>
</indexColumnUsage>
</ind_PK_UK>
</indexes>
</Table>