<?xml version = '1.0' encoding = 'UTF-8'?>
<Table class="oracle.dbtools.crest.model.design.relational.Table" directorySegmentName="seg_0" id="EC79715A-224A-2662-C9EE-CA1A7A7AE54D" name="Knjiga">
<createdBy>DAKI</createdBy>
<createdTime>2025-07-08 09:40:14 UTC</createdTime>
<generatorID>C9260A9E-6A1B-BD4A-EC17-54093F9A1778</generatorID>
<ownerDesignName>projekatC</ownerDesignName>
<allowColumnReorder>false</allowColumnReorder>
<existDependencyGenerateInDDl>true</existDependencyGenerateInDDl>
<parsed>true</parsed>
<columns itemClass="oracle.dbtools.crest.model.design.relational.Column">
<Column name="IDK" id="D9C31E22-1FBF-1862-8866-A997EF81F6D0">
<createdBy>DAKI</createdBy>
<createdTime>2025-07-08 09:40:14 UTC</createdTime>
<generatorID>9E0024B1-A239-0726-9145-944E8AE16212</generatorID>
<ownerDesignName>projekatC</ownerDesignName>
<useDomainConstraints>false</useDomainConstraints>
<use>1</use>
<logicalDatatype>LOGDT011</logicalDatatype>
<ownDataTypeParameters>,,</ownDataTypeParameters>
<autoIncrementCycle>false</autoIncrementCycle>
</Column>
<Column name="NASLOV" id="0694461D-EDAB-9319-46B2-90EAF975EE35">
<createdBy>DAKI</createdBy>
<createdTime>2025-07-08 09:40:14 UTC</createdTime>
<generatorID>A08E4A27-71C5-7F15-2DBD-7D2AF5345D0A</generatorID>
<ownerDesignName>projekatC</ownerDesignName>
<useDomainConstraints>false</useDomainConstraints>
<use>1</use>
<logicalDatatype>LOGDT024</logicalDatatype>
<dataTypeSize>50 CHAR</dataTypeSize>
<ownDataTypeParameters>50 CHAR,,</ownDataTypeParameters>
<autoIncrementCycle>false</autoIncrementCycle>
</Column>
<Column name="GODIZD" id="4304F7A7-C7CD-4C6D-B695-4FBD49074273">
<createdBy>DAKI</createdBy>
<createdTime>2025-07-08 09:40:14 UTC</createdTime>
<generatorID>6F7AFEE8-1105-7F99-A4BB-75A11E64DBC0</generatorID>
<ownerDesignName>projekatC</ownerDesignName>
<useDomainConstraints>false</useDomainConstraints>
<use>1</use>
<logicalDatatype>LOGDT011</logicalDatatype>
<ownDataTypeParameters>,,</ownDataTypeParameters>
<autoIncrementCycle>false</autoIncrementCycle>
</Column>
<Column name="BRDP" id="55DEC3F6-0E1A-47A4-D118-36FD092131BE">
<createdBy>DAKI</createdBy>
<createdTime>2025-07-08 09:40:14 UTC</createdTime>
<generatorID>094043D4-CD37-653D-A28C-8FBA2A38D3EF</generatorID>
<ownerDesignName>projekatC</ownerDesignName>
<useDomainConstraints>false</useDomainConstraints>
<use>1</use>
<logicalDatatype>LOGDT011</logicalDatatype>
<ownDataTypeParameters>,,</ownDataTypeParameters>
<autoIncrementCycle>false</autoIncrementCycle>
</Column>
<Column name="KAT" id="A851FBAC-B417-DF53-A738-5B84C3E0B7AD">
<createdBy>DAKI</createdBy>
<createdTime>2025-07-08 09:40:14 UTC</createdTime>
<generatorID>0AE90E81-4594-64DA-C3B9-279A3DA86E61</generatorID>
<ownerDesignName>projekatC</ownerDesignName>
<useDomainConstraints>false</useDomainConstraints>
<use>1</use>
<logicalDatatype>LOGDT024</logicalDatatype>
<dataTypeSize>50 CHAR</dataTypeSize>
<ownDataTypeParameters>50 CHAR,,</ownDataTypeParameters>
<autoIncrementCycle>false</autoIncrementCycle>
</Column>
</columns>
<indexes itemClass="oracle.dbtools.crest.model.design.relational.Index">
<ind_PK_UK id="9859FE9D-7AA9-CE1F-9C0B-5925502C8B52" name="Knjiga_PK">
<createdBy>DAKI</createdBy>
<createdTime>2025-07-08 09:40:14 UTC</createdTime>
<generatorID>BA2D2BF2-ACCB-B94C-3CB9-53307DC07C92</generatorID>
<ownerDesignName>projekatC</ownerDesignName>
<pk>true</pk>
<indexState>Primary Constraint</indexState>
<isSurrogateKey>false</isSurrogateKey>
<indexColumnUsage>
<colUsage columnID="D9C31E22-1FBF-1862-8866-A997EF81F6D0"/>
</indexColumnUsage>
</ind_PK_UK>
</indexes>
</Table>