<?xml version = '1.0' encoding = 'UTF-8'?>
<Table class="oracle.dbtools.crest.model.design.relational.Table" directorySegmentName="seg_0" id="FAF92F7B-A654-D69C-F281-AEF096D4B143" name="Clan">
<createdBy>DAKI</createdBy>
<createdTime>2025-07-08 09:40:14 UTC</createdTime>
<generatorID>449F8EA6-0D1A-8B58-3973-0A5800B4DAC1</generatorID>
<ownerDesignName>projekatC</ownerDesignName>
<allowColumnReorder>false</allowColumnReorder>
<existDependencyGenerateInDDl>true</existDependencyGenerateInDDl>
<parsed>true</parsed>
<columns itemClass="oracle.dbtools.crest.model.design.relational.Column">
<Column name="IDC" id="DA893EAF-2F86-238D-73DA-E69155AD5E54">
<createdBy>DAKI</createdBy>
<createdTime>2025-07-08 09:40:14 UTC</createdTime>
<generatorID>01B2AFC8-16ED-DE19-B749-0FC15AF27274</generatorID>
<ownerDesignName>projekatC</ownerDesignName>
<useDomainConstraints>false</useDomainConstraints>
<use>1</use>
<logicalDatatype>LOGDT011</logicalDatatype>
<ownDataTypeParameters>,,</ownDataTypeParameters>
<autoIncrementCycle>false</autoIncrementCycle>
</Column>
<Column name="IME" id="3C1D31A1-EC2C-5DEA-3C13-71F01CDAC08E">
<createdBy>DAKI</createdBy>
<createdTime>2025-07-08 09:40:14 UTC</createdTime>
<generatorID>CCFE590E-D392-6E32-FAB9-A020127CBB4E</generatorID>
<ownerDesignName>projekatC</ownerDesignName>
<useDomainConstraints>false</useDomainConstraints>
<use>1</use>
<logicalDatatype>LOGDT024</logicalDatatype>
<dataTypeSize>50 CHAR</dataTypeSize>
<ownDataTypeParameters>50 CHAR,,</ownDataTypeParameters>
<autoIncrementCycle>false</autoIncrementCycle>
</Column>
<Column name="PREZIME" id="A787EA53-B588-2D85-A64C-D8213691902F">
<createdBy>DAKI</createdBy>
<createdTime>2025-07-08 09:40:14 UTC</createdTime>
<generatorID>140E1E44-0D88-55C9-07BF-D6ACA9914C25</generatorID>
<ownerDesignName>projekatC</ownerDesignName>
<useDomainConstraints>false</useDomainConstraints>
<use>1</use>
<logicalDatatype>LOGDT024</logicalDatatype>
<dataTypeSize>50 CHAR</dataTypeSize>
<ownDataTypeParameters>50 CHAR,,</ownDataTypeParameters>
<autoIncrementCycle>false</autoIncrementCycle>
</Column>
</columns>
<indexes itemClass="oracle.dbtools.crest.model.design.relational.Index">
<ind_PK_UK id="AE18E39B-DB91-548C-247B-343FAADF66CA" name="Clan_PK">
<createdBy>DAKI</createdBy>
<createdTime>2025-07-08 09:40:14 UTC</createdTime>
<generatorID>6F9ABAA0-CF85-4FE5-ACB0-B21B38E3CF2F</generatorID>
<ownerDesignName>projekatC</ownerDesignName>
<pk>true</pk>
<indexState>Primary Constraint</indexState>
<isSurrogateKey>false</isSurrogateKey>
<indexColumnUsage>
<colUsage columnID="DA893EAF-2F86-238D-73DA-E69155AD5E54"/>
</indexColumnUsage>
</ind_PK_UK>
</indexes>
</Table>