<?xml version = '1.0' encoding = 'UTF-8'?>
<Diagram class="oracle.dbtools.crest.swingui.relational.DPVRelational" name="Relational_7" id="523B98F3-3E37-0B50-DF7D-03D99F5A81DF">
<createdBy>DAKI</createdBy>
<modifiedBy>DAKI</modifiedBy>
<createdTime>2025-07-08 09:40:04 UTC</createdTime>
<autoRoute>false</autoRoute>
<boxInbox>true</boxInbox>
<showLegend>false</showLegend>
<showLabels>false</showLabels>
<showRelAttributes>false</showRelAttributes>
<gridEnabled>false</gridEnabled>
<showGrid>false</showGrid>
<diagramColor>-1</diagramColor>
<display>false</display>
<notation>1</notation>
<objectViews>
<OView class="oracle.dbtools.crest.swingui.relational.TVTable" oid="13C218E4-B2C1-0EFB-BB5C-2225BE59BCAE" otype="Table" vid="B9C931D0-71AD-ABC3-340C-F7513CB3B1AA">
<hideElementsInCurrentOnly>false</hideElementsInCurrentOnly>
<bounds x="649" y="347" width="221" height="145"/>
</OView>
<OView class="oracle.dbtools.crest.swingui.relational.TVTable" oid="8ECAA1E1-881D-1618-B6AC-EF26F0636A76" otype="Table" vid="73C4512A-1E92-C232-0A18-D516B5D8A08F">
<hideElementsInCurrentOnly>false</hideElementsInCurrentOnly>
<bounds x="333" y="127" width="211" height="110"/>
</OView>
<OView class="oracle.dbtools.crest.swingui.relational.TVTable" oid="DE793F2C-90C3-C175-6F9F-25C96E0002A9" otype="Table" vid="A3C50C46-64DF-1979-5A18-E2FFA48385D3">
<hideElementsInCurrentOnly>false</hideElementsInCurrentOnly>
<bounds x="30" y="124" width="208" height="114"/>
</OView>
<OView class="oracle.dbtools.crest.swingui.relational.TVTable" oid="EC79715A-224A-2662-C9EE-CA1A7A7AE54D" otype="Table" vid="B68DA64F-553D-E5AE-D54A-F629C0C2BEA6">
<hideElementsInCurrentOnly>false</hideElementsInCurrentOnly>
<bounds x="643" y="121" width="230" height="144"/>
</OView>
<OView class="oracle.dbtools.crest.swingui.relational.TVTable" oid="FAF92F7B-A654-D69C-F281-AEF096D4B143" otype="Table" vid="2E0BA893-AD7D-273E-DDE8-49EB55D823B3">
<hideElementsInCurrentOnly>false</hideElementsInCurrentOnly>
<bounds x="658" y="566" width="223" height="120"/>
</OView>
</objectViews>
<connectors>
<Connector class="oracle.dbtools.crest.swingui.relational.TVFKRelation" oid="1133055E-D22E-21D8-90DB-EA32102433D1" otype="FKIndexAssociation" vid_source="2E0BA893-AD7D-273E-DDE8-49EB55D823B3" vid_target="B9C931D0-71AD-ABC3-340C-F7513CB3B1AA">
<hideElementsInCurrentOnly>false</hideElementsInCurrentOnly>
<backgroundColor>-16777216</backgroundColor>
<lineWidth>1</lineWidth>
<points>
<point x="764" y="566"/>
<point x="764" y="492"/>
</points>
</Connector>
<Connector class="oracle.dbtools.crest.swingui.relational.TVFKRelation" oid="7F90541B-50A5-0E70-C7E0-3F57940B0363" otype="FKIndexAssociation" vid_source="A3C50C46-64DF-1979-5A18-E2FFA48385D3" vid_target="73C4512A-1E92-C232-0A18-D516B5D8A08F">
<hideElementsInCurrentOnly>false</hideElementsInCurrentOnly>
<backgroundColor>-16777216</backgroundColor>
<lineWidth>1</lineWidth>
<points>
<point x="238" y="182"/>
<point x="333" y="182"/>
</points>
</Connector>
<Connector class="oracle.dbtools.crest.swingui.relational.TVFKRelation" oid="AC913265-D723-84B9-9109-3B50294EFD32" otype="FKIndexAssociation" vid_source="B68DA64F-553D-E5AE-D54A-F629C0C2BEA6" vid_target="73C4512A-1E92-C232-0A18-D516B5D8A08F">
<hideElementsInCurrentOnly>false</hideElementsInCurrentOnly>
<backgroundColor>-16777216</backgroundColor>
<lineWidth>1</lineWidth>
<points>
<point x="643" y="182"/>
<point x="544" y="182"/>
</points>
</Connector>
<Connector class="oracle.dbtools.crest.swingui.relational.TVFKRelation" oid="CDF8C163-2F86-AB91-1086-9015E7246FA5" otype="FKIndexAssociation" vid_source="B68DA64F-553D-E5AE-D54A-F629C0C2BEA6" vid_target="B9C931D0-71AD-ABC3-340C-F7513CB3B1AA">
<hideElementsInCurrentOnly>false</hideElementsInCurrentOnly>
<backgroundColor>-16777216</backgroundColor>
<lineWidth>1</lineWidth>
<points>
<point x="759" y="265"/>
<point x="759" y="347"/>
</points>
</Connector>
</connectors>
</Diagram>