<?xml version = '1.0' encoding = 'UTF-8'?>
<Entity class="oracle.dbtools.crest.model.design.logical.Entity" directorySegmentName="seg_0" id="449F8EA6-0D1A-8B58-3973-0A5800B4DAC1" name="Clan">
<createdBy>DAKI</createdBy>
<createdTime>2025-06-24 15:50:41 UTC</createdTime>
<ownerDesignName>projekatC</ownerDesignName>
<engineerTo>
<item key="FE5F6195-1D86-2DF6-9D4D-9317BF4E60F9" value="true"/>
<item key="0FC74D75-EF00-6E80-EEB4-89EDCF544B4A" value="true"/>
<item key="F12F8D22-B037-F8D2-129F-314156F0D4E0" value="true"/>
<item key="340E8381-A17A-A5E8-6988-FC8A58C712B0" value="true"/>
<item key="D53F097D-D82E-4865-49CC-B7488C8FB8D3" value="true"/>
<item key="E5B7D611-6EAD-AB4C-B976-77E11FDF7881" value="true"/>
<item key="A6D30CEE-A686-61D2-80D9-DD8534E91457" value="true"/>
<item key="B0D00024-661B-884A-8132-DE5BB1591030" value="true"/>
</engineerTo>
<adequatelyNormalized>NO</adequatelyNormalized>
<expectedVolumes>0</expectedVolumes>
<fwdEngineeringStrategyName>Single Table</fwdEngineeringStrategyName>
<growthPercent>0</growthPercent>
<growthType>Year</growthType>
<maxVolumes>9999999</maxVolumes>
<minVolumes>0</minVolumes>
<normalForm>Third</normalForm>
<attributes itemClass="oracle.dbtools.crest.model.design.logical.Attribute">
<Attribute name="IDC" id="01B2AFC8-16ED-DE19-B749-0FC15AF27274">
<createdBy>DAKI</createdBy>
<createdTime>2025-06-24 15:50:51 UTC</createdTime>
<ownerDesignName>projekatC</ownerDesignName>
<engineerTo>
<item key="FE5F6195-1D86-2DF6-9D4D-9317BF4E60F9" value="true"/>
<item key="0FC74D75-EF00-6E80-EEB4-89EDCF544B4A" value="true"/>
<item key="F12F8D22-B037-F8D2-129F-314156F0D4E0" value="true"/>
<item key="340E8381-A17A-A5E8-6988-FC8A58C712B0" value="true"/>
<item key="D53F097D-D82E-4865-49CC-B7488C8FB8D3" value="true"/>
<item key="E5B7D611-6EAD-AB4C-B976-77E11FDF7881" value="true"/>
<item key="A6D30CEE-A686-61D2-80D9-DD8534E91457" value="true"/>
<item key="B0D00024-661B-884A-8132-DE5BB1591030" value="true"/>
</engineerTo>
<useDomainConstraints>false</useDomainConstraints>
<use>1</use>
<logicalDatatype>LOGDT011</logicalDatatype>
<ownDataTypeParameters>,,</ownDataTypeParameters>
</Attribute>
<Attribute name="IME" id="CCFE590E-D392-6E32-FAB9-A020127CBB4E">
<createdBy>DAKI</createdBy>
<createdTime>2025-06-24 15:51:02 UTC</createdTime>
<ownerDesignName>projekatC</ownerDesignName>
<engineerTo>
<item key="FE5F6195-1D86-2DF6-9D4D-9317BF4E60F9" value="true"/>
<item key="0FC74D75-EF00-6E80-EEB4-89EDCF544B4A" value="true"/>
<item key="F12F8D22-B037-F8D2-129F-314156F0D4E0" value="true"/>
<item key="340E8381-A17A-A5E8-6988-FC8A58C712B0" value="true"/>
<item key="D53F097D-D82E-4865-49CC-B7488C8FB8D3" value="true"/>
<item key="E5B7D611-6EAD-AB4C-B976-77E11FDF7881" value="true"/>
<item key="A6D30CEE-A686-61D2-80D9-DD8534E91457" value="true"/>
<item key="B0D00024-661B-884A-8132-DE5BB1591030" value="true"/>
</engineerTo>
<useDomainConstraints>false</useDomainConstraints>
<use>1</use>
<logicalDatatype>LOGDT024</logicalDatatype>
<dataTypeSize>50 CHAR</dataTypeSize>
<ownDataTypeParameters>50 CHAR,,</ownDataTypeParameters>
</Attribute>
<Attribute name="PREZIME" id="140E1E44-0D88-55C9-07BF-D6ACA9914C25">
<createdBy>DAKI</createdBy>
<createdTime>2025-06-24 15:51:20 UTC</createdTime>
<ownerDesignName>projekatC</ownerDesignName>
<engineerTo>
<item key="FE5F6195-1D86-2DF6-9D4D-9317BF4E60F9" value="true"/>
<item key="0FC74D75-EF00-6E80-EEB4-89EDCF544B4A" value="true"/>
<item key="F12F8D22-B037-F8D2-129F-314156F0D4E0" value="true"/>
<item key="340E8381-A17A-A5E8-6988-FC8A58C712B0" value="true"/>
<item key="D53F097D-D82E-4865-49CC-B7488C8FB8D3" value="true"/>
<item key="E5B7D611-6EAD-AB4C-B976-77E11FDF7881" value="true"/>
<item key="A6D30CEE-A686-61D2-80D9-DD8534E91457" value="true"/>
<item key="B0D00024-661B-884A-8132-DE5BB1591030" value="true"/>
</engineerTo>
<useDomainConstraints>false</useDomainConstraints>
<use>1</use>
<logicalDatatype>LOGDT024</logicalDatatype>
<dataTypeSize>50 CHAR</dataTypeSize>
<ownDataTypeParameters>50 CHAR,,</ownDataTypeParameters>
</Attribute>
</attributes>
<identifiers itemClass="oracle.dbtools.crest.model.design.logical.CandidateKey">
<identifier id="6F9ABAA0-CF85-4FE5-ACB0-B21B38E3CF2F" name="Clan PK">
<createdBy>DAKI</createdBy>
<createdTime>2025-06-24 15:51:01 UTC</createdTime>
<ownerDesignName>projekatC</ownerDesignName>
<engineerTo>
<item key="FE5F6195-1D86-2DF6-9D4D-9317BF4E60F9" value="true"/>
<item key="0FC74D75-EF00-6E80-EEB4-89EDCF544B4A" value="true"/>
<item key="F12F8D22-B037-F8D2-129F-314156F0D4E0" value="true"/>
<item key="340E8381-A17A-A5E8-6988-FC8A58C712B0" value="true"/>
<item key="D53F097D-D82E-4865-49CC-B7488C8FB8D3" value="true"/>
<item key="E5B7D611-6EAD-AB4C-B976-77E11FDF7881" value="true"/>
<item key="A6D30CEE-A686-61D2-80D9-DD8534E91457" value="true"/>
<item key="B0D00024-661B-884A-8132-DE5BB1591030" value="true"/>
</engineerTo>
<pk>true</pk>
<usedAttributes>
<attributeRef>01B2AFC8-16ED-DE19-B749-0FC15AF27274</attributeRef>
</usedAttributes>
</identifier>
</identifiers>
</Entity>