<?xml version = '1.0' encoding = 'UTF-8'?>
<Entity class="oracle.dbtools.crest.model.design.logical.Entity" directorySegmentName="seg_0" id="C9260A9E-6A1B-BD4A-EC17-54093F9A1778" name="Knjiga">
<createdBy>DAKI</createdBy>
<createdTime>2025-06-24 15:49:01 UTC</createdTime>
<ownerDesignName>projekatC</ownerDesignName>
<engineerTo>
<item key="FE5F6195-1D86-2DF6-9D4D-9317BF4E60F9" value="true"/>
<item key="0FC74D75-EF00-6E80-EEB4-89EDCF544B4A" value="true"/>
<item key="F12F8D22-B037-F8D2-129F-314156F0D4E0" value="true"/>
<item key="340E8381-A17A-A5E8-6988-FC8A58C712B0" value="true"/>
<item key="D53F097D-D82E-4865-49CC-B7488C8FB8D3" value="true"/>
<item key="E5B7D611-6EAD-AB4C-B976-77E11FDF7881" value="true"/>
<item key="A6D30CEE-A686-61D2-80D9-DD8534E91457" value="true"/>
<item key="B0D00024-661B-884A-8132-DE5BB1591030" value="true"/>
</engineerTo>
<adequatelyNormalized>NO</adequatelyNormalized>
<expectedVolumes>0</expectedVolumes>
<fwdEngineeringStrategyName>Single Table</fwdEngineeringStrategyName>
<growthPercent>0</growthPercent>
<growthType>Year</growthType>
<maxVolumes>9999999</maxVolumes>
<minVolumes>0</minVolumes>
<normalForm>Third</normalForm>
<attributes itemClass="oracle.dbtools.crest.model.design.logical.Attribute">
<Attribute name="IDK" id="9E0024B1-A239-0726-9145-944E8AE16212">
<createdBy>DAKI</createdBy>
<createdTime>2025-06-24 15:49:10 UTC</createdTime>
<ownerDesignName>projekatC</ownerDesignName>
<engineerTo>
<item key="FE5F6195-1D86-2DF6-9D4D-9317BF4E60F9" value="true"/>
<item key="0FC74D75-EF00-6E80-EEB4-89EDCF544B4A" value="true"/>
<item key="F12F8D22-B037-F8D2-129F-314156F0D4E0" value="true"/>
<item key="340E8381-A17A-A5E8-6988-FC8A58C712B0" value="true"/>
<item key="D53F097D-D82E-4865-49CC-B7488C8FB8D3" value="true"/>
<item key="E5B7D611-6EAD-AB4C-B976-77E11FDF7881" value="true"/>
<item key="A6D30CEE-A686-61D2-80D9-DD8534E91457" value="true"/>
<item key="B0D00024-661B-884A-8132-DE5BB1591030" value="true"/>
</engineerTo>
<useDomainConstraints>false</useDomainConstraints>
<use>1</use>
<logicalDatatype>LOGDT011</logicalDatatype>
<ownDataTypeParameters>,,</ownDataTypeParameters>
</Attribute>
<Attribute name="NASLOV" id="A08E4A27-71C5-7F15-2DBD-7D2AF5345D0A">
<createdBy>DAKI</createdBy>
<createdTime>2025-06-24 15:49:19 UTC</createdTime>
<ownerDesignName>projekatC</ownerDesignName>
<engineerTo>
<item key="FE5F6195-1D86-2DF6-9D4D-9317BF4E60F9" value="true"/>
<item key="0FC74D75-EF00-6E80-EEB4-89EDCF544B4A" value="true"/>
<item key="F12F8D22-B037-F8D2-129F-314156F0D4E0" value="true"/>
<item key="340E8381-A17A-A5E8-6988-FC8A58C712B0" value="true"/>
<item key="D53F097D-D82E-4865-49CC-B7488C8FB8D3" value="true"/>
<item key="E5B7D611-6EAD-AB4C-B976-77E11FDF7881" value="true"/>
<item key="A6D30CEE-A686-61D2-80D9-DD8534E91457" value="true"/>
<item key="B0D00024-661B-884A-8132-DE5BB1591030" value="true"/>
</engineerTo>
<useDomainConstraints>false</useDomainConstraints>
<use>1</use>
<logicalDatatype>LOGDT024</logicalDatatype>
<dataTypeSize>50 CHAR</dataTypeSize>
<ownDataTypeParameters>50 CHAR,,</ownDataTypeParameters>
</Attribute>
<Attribute name="GODIZD" id="6F7AFEE8-1105-7F99-A4BB-75A11E64DBC0">
<createdBy>DAKI</createdBy>
<createdTime>2025-06-24 15:49:31 UTC</createdTime>
<ownerDesignName>projekatC</ownerDesignName>
<engineerTo>
<item key="FE5F6195-1D86-2DF6-9D4D-9317BF4E60F9" value="true"/>
<item key="0FC74D75-EF00-6E80-EEB4-89EDCF544B4A" value="true"/>
<item key="F12F8D22-B037-F8D2-129F-314156F0D4E0" value="true"/>
<item key="340E8381-A17A-A5E8-6988-FC8A58C712B0" value="true"/>
<item key="D53F097D-D82E-4865-49CC-B7488C8FB8D3" value="true"/>
<item key="E5B7D611-6EAD-AB4C-B976-77E11FDF7881" value="true"/>
<item key="A6D30CEE-A686-61D2-80D9-DD8534E91457" value="true"/>
<item key="B0D00024-661B-884A-8132-DE5BB1591030" value="true"/>
</engineerTo>
<useDomainConstraints>false</useDomainConstraints>
<use>1</use>
<logicalDatatype>LOGDT011</logicalDatatype>
<ownDataTypeParameters>,,</ownDataTypeParameters>
</Attribute>
<Attribute name="BRDP" id="094043D4-CD37-653D-A28C-8FBA2A38D3EF">
<createdBy>DAKI</createdBy>
<createdTime>2025-06-24 15:49:51 UTC</createdTime>
<ownerDesignName>projekatC</ownerDesignName>
<engineerTo>
<item key="FE5F6195-1D86-2DF6-9D4D-9317BF4E60F9" value="true"/>
<item key="0FC74D75-EF00-6E80-EEB4-89EDCF544B4A" value="true"/>
<item key="F12F8D22-B037-F8D2-129F-314156F0D4E0" value="true"/>
<item key="340E8381-A17A-A5E8-6988-FC8A58C712B0" value="true"/>
<item key="D53F097D-D82E-4865-49CC-B7488C8FB8D3" value="true"/>
<item key="E5B7D611-6EAD-AB4C-B976-77E11FDF7881" value="true"/>
<item key="A6D30CEE-A686-61D2-80D9-DD8534E91457" value="true"/>
<item key="B0D00024-661B-884A-8132-DE5BB1591030" value="true"/>
</engineerTo>
<useDomainConstraints>false</useDomainConstraints>
<use>1</use>
<logicalDatatype>LOGDT011</logicalDatatype>
<ownDataTypeParameters>,,</ownDataTypeParameters>
</Attribute>
<Attribute name="KAT" id="0AE90E81-4594-64DA-C3B9-279A3DA86E61">
<createdBy>DAKI</createdBy>
<createdTime>2025-06-24 15:50:11 UTC</createdTime>
<ownerDesignName>projekatC</ownerDesignName>
<engineerTo>
<item key="FE5F6195-1D86-2DF6-9D4D-9317BF4E60F9" value="true"/>
<item key="0FC74D75-EF00-6E80-EEB4-89EDCF544B4A" value="true"/>
<item key="F12F8D22-B037-F8D2-129F-314156F0D4E0" value="true"/>
<item key="340E8381-A17A-A5E8-6988-FC8A58C712B0" value="true"/>
<item key="D53F097D-D82E-4865-49CC-B7488C8FB8D3" value="true"/>
<item key="E5B7D611-6EAD-AB4C-B976-77E11FDF7881" value="true"/>
<item key="A6D30CEE-A686-61D2-80D9-DD8534E91457" value="true"/>
<item key="B0D00024-661B-884A-8132-DE5BB1591030" value="true"/>
</engineerTo>
<useDomainConstraints>false</useDomainConstraints>
<use>1</use>
<logicalDatatype>LOGDT024</logicalDatatype>
<dataTypeSize>50 CHAR</dataTypeSize>
<ownDataTypeParameters>50 CHAR,,</ownDataTypeParameters>
</Attribute>
</attributes>
<identifiers itemClass="oracle.dbtools.crest.model.design.logical.CandidateKey">
<identifier id="BA2D2BF2-ACCB-B94C-3CB9-53307DC07C92" name="Knjiga PK">
<createdBy>DAKI</createdBy>
<createdTime>2025-06-24 15:49:18 UTC</createdTime>
<ownerDesignName>projekatC</ownerDesignName>
<engineerTo>
<item key="FE5F6195-1D86-2DF6-9D4D-9317BF4E60F9" value="true"/>
<item key="0FC74D75-EF00-6E80-EEB4-89EDCF544B4A" value="true"/>
<item key="F12F8D22-B037-F8D2-129F-314156F0D4E0" value="true"/>
<item key="340E8381-A17A-A5E8-6988-FC8A58C712B0" value="true"/>
<item key="D53F097D-D82E-4865-49CC-B7488C8FB8D3" value="true"/>
<item key="E5B7D611-6EAD-AB4C-B976-77E11FDF7881" value="true"/>
<item key="A6D30CEE-A686-61D2-80D9-DD8534E91457" value="true"/>
<item key="B0D00024-661B-884A-8132-DE5BB1591030" value="true"/>
</engineerTo>
<pk>true</pk>
<usedAttributes>
<attributeRef>9E0024B1-A239-0726-9145-944E8AE16212</attributeRef>
</usedAttributes>
</identifier>
</identifiers>
</Entity>