<?xml version = '1.0' encoding = 'UTF-8'?>
<Table class="oracle.dbtools.crest.model.design.relational.Table" directorySegmentName="seg_0" id="1563D3F7-3004-8671-0176-CAB41DF35B62" name="dm64924_Knjiga">
<createdBy>DAKI</createdBy>
<createdTime>2025-07-08 09:49:16 UTC</createdTime>
<generatorID>C9260A9E-6A1B-BD4A-EC17-54093F9A1778</generatorID>
<ownerDesignName>projekatC</ownerDesignName>
<ordsAlias>knjiga</ordsAlias>
<allowColumnReorder>false</allowColumnReorder>
<existDependencyGenerateInDDl>true</existDependencyGenerateInDDl>
<parsed>true</parsed>
<columns itemClass="oracle.dbtools.crest.model.design.relational.Column">
<Column name="IDK" id="F54F14C5-9430-687B-AC20-934F693414CD">
<createdBy>DAKI</createdBy>
<createdTime>2025-07-08 09:49:16 UTC</createdTime>
<generatorID>9E0024B1-A239-0726-9145-944E8AE16212</generatorID>
<ownerDesignName>projekatC</ownerDesignName>
<useDomainConstraints>false</useDomainConstraints>
<use>1</use>
<logicalDatatype>LOGDT011</logicalDatatype>
<ownDataTypeParameters>,,</ownDataTypeParameters>
<autoIncrementCycle>false</autoIncrementCycle>
</Column>
<Column name="NASLOV" id="15F9CE7C-73FC-E9B6-6A46-D34F3F0A5747">
<createdBy>DAKI</createdBy>
<createdTime>2025-07-08 09:49:16 UTC</createdTime>
<generatorID>A08E4A27-71C5-7F15-2DBD-7D2AF5345D0A</generatorID>
<ownerDesignName>projekatC</ownerDesignName>
<useDomainConstraints>false</useDomainConstraints>
<use>1</use>
<logicalDatatype>LOGDT024</logicalDatatype>
<dataTypeSize>50 CHAR</dataTypeSize>
<ownDataTypeParameters>50 CHAR,,</ownDataTypeParameters>
<autoIncrementCycle>false</autoIncrementCycle>
</Column>
<Column name="GODIZD" id="CC532FE5-4E33-E007-95DB-A2B62B06F375">
<createdBy>DAKI</createdBy>
<createdTime>2025-07-08 09:49:16 UTC</createdTime>
<generatorID>6F7AFEE8-1105-7F99-A4BB-75A11E64DBC0</generatorID>
<ownerDesignName>projekatC</ownerDesignName>
<useDomainConstraints>false</useDomainConstraints>
<use>1</use>
<logicalDatatype>LOGDT011</logicalDatatype>
<ownDataTypeParameters>,,</ownDataTypeParameters>
<autoIncrementCycle>false</autoIncrementCycle>
</Column>
<Column name="BRDP" id="B71AEBFE-543B-3296-F513-5BC6C72F966D">
<createdBy>DAKI</createdBy>
<createdTime>2025-07-08 09:49:16 UTC</createdTime>
<generatorID>094043D4-CD37-653D-A28C-8FBA2A38D3EF</generatorID>
<ownerDesignName>projekatC</ownerDesignName>
<useDomainConstraints>false</useDomainConstraints>
<use>1</use>
<logicalDatatype>LOGDT011</logicalDatatype>
<ownDataTypeParameters>,,</ownDataTypeParameters>
<autoIncrementCycle>false</autoIncrementCycle>
</Column>
<Column name="KAT" id="FF487CEE-316D-96C5-E37F-563804F8C4FE">
<createdBy>DAKI</createdBy>
<createdTime>2025-07-08 09:49:16 UTC</createdTime>
<generatorID>0AE90E81-4594-64DA-C3B9-279A3DA86E61</generatorID>
<ownerDesignName>projekatC</ownerDesignName>
<useDomainConstraints>false</useDomainConstraints>
<use>1</use>
<logicalDatatype>LOGDT024</logicalDatatype>
<dataTypeSize>50 CHAR</dataTypeSize>
<ownDataTypeParameters>50 CHAR,,</ownDataTypeParameters>
<autoIncrementCycle>false</autoIncrementCycle>
</Column>
</columns>
<indexes itemClass="oracle.dbtools.crest.model.design.relational.Index">
<ind_PK_UK id="7BBC43D8-97F2-D183-230B-529B69A2F117" name="Knjiga_PK">
<createdBy>DAKI</createdBy>
<createdTime>2025-07-08 09:49:16 UTC</createdTime>
<generatorID>BA2D2BF2-ACCB-B94C-3CB9-53307DC07C92</generatorID>
<ownerDesignName>projekatC</ownerDesignName>
<pk>true</pk>
<indexState>Primary Constraint</indexState>
<isSurrogateKey>false</isSurrogateKey>
<indexColumnUsage>
<colUsage columnID="F54F14C5-9430-687B-AC20-934F693414CD"/>
</indexColumnUsage>
</ind_PK_UK>
</indexes>
</Table>