<?xml version = '1.0' encoding = 'UTF-8'?>
<Table class="oracle.dbtools.crest.model.design.relational.Table" directorySegmentName="seg_0" id="5816C935-06EC-E0FE-A4D7-6D9C3191F57F" name="dm64924_Napisati">
<createdBy>DAKI</createdBy>
<createdTime>2025-07-08 09:49:16 UTC</createdTime>
<ownerDesignName>projekatC</ownerDesignName>
<ordsAlias>napisati</ordsAlias>
<allowColumnReorder>false</allowColumnReorder>
<existDependencyGenerateInDDl>true</existDependencyGenerateInDDl>
<parsed>true</parsed>
<columns itemClass="oracle.dbtools.crest.model.design.relational.Column">
<Column name="Autor_IDA" id="7ACB1328-26B3-4240-25C9-71DB1D54C2CA">
<createdBy>DAKI</createdBy>
<createdTime>2025-07-08 09:49:16 UTC</createdTime>
<ownerDesignName>projekatC</ownerDesignName>
<useDomainConstraints>false</useDomainConstraints>
<use>1</use>
<logicalDatatype>LOGDT011</logicalDatatype>
<ownDataTypeParameters>,,</ownDataTypeParameters>
<previousColumn>false</previousColumn>
<autoIncrementCycle>false</autoIncrementCycle>
<associations>
<colAssociation fkAssociation="5BEEA2B0-C155-52F2-163E-0718C515CF6F" referredColumn="4F156CE0-A837-50C3-1745-5A67DBC78C76"/>
</associations>
</Column>
<Column name="Knjiga_IDK" id="F797EFF8-EA9F-8ED5-11D3-57D35E1CE073">
<createdBy>DAKI</createdBy>
<createdTime>2025-07-08 09:49:17 UTC</createdTime>
<ownerDesignName>projekatC</ownerDesignName>
<useDomainConstraints>false</useDomainConstraints>
<use>1</use>
<logicalDatatype>LOGDT011</logicalDatatype>
<ownDataTypeParameters>,,</ownDataTypeParameters>
<previousColumn>false</previousColumn>
<autoIncrementCycle>false</autoIncrementCycle>
<associations>
<colAssociation fkAssociation="5045B8F7-03EC-F52C-1808-6E1F1664F7F8" referredColumn="F54F14C5-9430-687B-AC20-934F693414CD"/>
</associations>
</Column>
</columns>
<indexes itemClass="oracle.dbtools.crest.model.design.relational.Index">
<ind_PK_UK id="F4286434-33CB-F94A-7945-C6E301C7CE8B" name="Napisati_PK">
<createdBy>DAKI</createdBy>
<createdTime>2025-07-08 09:49:16 UTC</createdTime>
<ownerDesignName>projekatC</ownerDesignName>
<pk>true</pk>
<indexState>Primary Constraint</indexState>
<isSurrogateKey>false</isSurrogateKey>
<indexColumnUsage>
<colUsage columnID="7ACB1328-26B3-4240-25C9-71DB1D54C2CA"/>
<colUsage columnID="F797EFF8-EA9F-8ED5-11D3-57D35E1CE073"/>
</indexColumnUsage>
</ind_PK_UK>
<ind_PK_UK id="1697DB9B-1C2F-6F78-CFB0-F973FB8F6A27" name="Napisati_Autor_FK">
<createdBy>DAKI</createdBy>
<createdTime>2025-07-08 09:49:16 UTC</createdTime>
<generatorID>09CB3814-ED1A-54DF-21D4-F1ADF6172EC6</generatorID>
<ownerDesignName>projekatC</ownerDesignName>
<indexState>Foreign Key</indexState>
<isSurrogateKey>false</isSurrogateKey>
<indexColumnUsage>
<colUsage columnID="7ACB1328-26B3-4240-25C9-71DB1D54C2CA"/>
</indexColumnUsage>
</ind_PK_UK>
<ind_PK_UK id="8D0479AD-812B-0287-4A4C-EFDC918751CC" name="Napisati_Knjiga_FK">
<createdBy>DAKI</createdBy>
<createdTime>2025-07-08 09:49:16 UTC</createdTime>
<generatorID>09CB3814-ED1A-54DF-21D4-F1ADF6172EC6</generatorID>
<ownerDesignName>projekatC</ownerDesignName>
<indexState>Foreign Key</indexState>
<isSurrogateKey>false</isSurrogateKey>
<indexColumnUsage>
<colUsage columnID="F797EFF8-EA9F-8ED5-11D3-57D35E1CE073"/>
</indexColumnUsage>
</ind_PK_UK>
</indexes>
</Table>