<?xml version = '1.0' encoding = 'UTF-8'?>
<Table class="oracle.dbtools.crest.model.design.relational.Table" directorySegmentName="seg_0" id="717F0A1F-7647-F93A-48C0-9F5052DEDE83" name="dm64924_Pozajmiti">
<createdBy>DAKI</createdBy>
<createdTime>2025-07-08 09:49:17 UTC</createdTime>
<ownerDesignName>projekatC</ownerDesignName>
<ordsAlias>pozajmiti</ordsAlias>
<allowColumnReorder>false</allowColumnReorder>
<existDependencyGenerateInDDl>true</existDependencyGenerateInDDl>
<parsed>true</parsed>
<columns itemClass="oracle.dbtools.crest.model.design.relational.Column">
<Column name="Clan_IDC" id="FD35AC35-8E7E-7079-50BD-7F604C3D95B9">
<createdBy>DAKI</createdBy>
<createdTime>2025-07-08 09:49:17 UTC</createdTime>
<ownerDesignName>projekatC</ownerDesignName>
<useDomainConstraints>false</useDomainConstraints>
<use>1</use>
<logicalDatatype>LOGDT011</logicalDatatype>
<ownDataTypeParameters>,,</ownDataTypeParameters>
<previousColumn>false</previousColumn>
<autoIncrementCycle>false</autoIncrementCycle>
<associations>
<colAssociation fkAssociation="568AF4A6-FF37-8035-2671-3DEB99E055AD" referredColumn="6B194E04-6E7D-1DEF-49F7-123103438908"/>
</associations>
</Column>
<Column name="Knjiga_IDK" id="4945132E-270A-F892-0870-E544156C65EE">
<createdBy>DAKI</createdBy>
<createdTime>2025-07-08 09:49:17 UTC</createdTime>
<ownerDesignName>projekatC</ownerDesignName>
<useDomainConstraints>false</useDomainConstraints>
<use>1</use>
<logicalDatatype>LOGDT011</logicalDatatype>
<ownDataTypeParameters>,,</ownDataTypeParameters>
<previousColumn>false</previousColumn>
<autoIncrementCycle>false</autoIncrementCycle>
<associations>
<colAssociation fkAssociation="2FBC19A8-2C68-306B-200B-759FBA9D1C58" referredColumn="F54F14C5-9430-687B-AC20-934F693414CD"/>
</associations>
</Column>
<Column name="DU" id="5B5B2C1E-5119-FF20-C886-443970A57616">
<createdBy>DAKI</createdBy>
<createdTime>2025-07-08 09:49:17 UTC</createdTime>
<generatorID>F06D322A-67BF-A209-F2A0-D0B0A9311B9B</generatorID>
<ownerDesignName>projekatC</ownerDesignName>
<useDomainConstraints>false</useDomainConstraints>
<use>1</use>
<logicalDatatype>LOGDT008</logicalDatatype>
<ownDataTypeParameters>,,</ownDataTypeParameters>
<autoIncrementCycle>false</autoIncrementCycle>
<isRelationshipColumn>true</isRelationshipColumn>
<isDependOnFK_AsMandatory>true</isDependOnFK_AsMandatory>
</Column>
<Column name="DV" id="E10928DC-3161-556F-6E82-C8B26F43232A">
<createdBy>DAKI</createdBy>
<createdTime>2025-07-08 09:49:17 UTC</createdTime>
<generatorID>0CDA8F33-A4BF-E526-CDDC-97023AA68AD6</generatorID>
<ownerDesignName>projekatC</ownerDesignName>
<nullsAllowed>true</nullsAllowed>
<useDomainConstraints>false</useDomainConstraints>
<use>1</use>
<logicalDatatype>LOGDT008</logicalDatatype>
<ownDataTypeParameters>,,</ownDataTypeParameters>
<autoIncrementCycle>false</autoIncrementCycle>
<isRelationshipColumn>true</isRelationshipColumn>
</Column>
</columns>
<indexes itemClass="oracle.dbtools.crest.model.design.relational.Index">
<ind_PK_UK id="5400B161-EC99-35DD-B63F-A60DA5F13524" name="Pozajmiti_PK">
<createdBy>DAKI</createdBy>
<createdTime>2025-07-08 09:49:17 UTC</createdTime>
<ownerDesignName>projekatC</ownerDesignName>
<pk>true</pk>
<indexState>Primary Constraint</indexState>
<isSurrogateKey>false</isSurrogateKey>
<indexColumnUsage>
<colUsage columnID="FD35AC35-8E7E-7079-50BD-7F604C3D95B9"/>
<colUsage columnID="4945132E-270A-F892-0870-E544156C65EE"/>
</indexColumnUsage>
</ind_PK_UK>
<ind_PK_UK id="937D3FAE-5E03-A42F-3460-94149EF09F46" name="Pozajmiti_Clan_FK">
<createdBy>DAKI</createdBy>
<createdTime>2025-07-08 09:49:17 UTC</createdTime>
<generatorID>7B0AA2BD-BEB0-703C-1D21-4BA65E60F954</generatorID>
<ownerDesignName>projekatC</ownerDesignName>
<indexState>Foreign Key</indexState>
<isSurrogateKey>false</isSurrogateKey>
<indexColumnUsage>
<colUsage columnID="FD35AC35-8E7E-7079-50BD-7F604C3D95B9"/>
</indexColumnUsage>
</ind_PK_UK>
<ind_PK_UK id="36C893CA-83ED-4B7F-BB3A-DF805C5B0A95" name="Pozajmiti_Knjiga_FK">
<createdBy>DAKI</createdBy>
<createdTime>2025-07-08 09:49:17 UTC</createdTime>
<generatorID>7B0AA2BD-BEB0-703C-1D21-4BA65E60F954</generatorID>
<ownerDesignName>projekatC</ownerDesignName>
<indexState>Foreign Key</indexState>
<isSurrogateKey>false</isSurrogateKey>
<indexColumnUsage>
<colUsage columnID="4945132E-270A-F892-0870-E544156C65EE"/>
</indexColumnUsage>
</ind_PK_UK>
</indexes>
</Table>