<?xml version = '1.0' encoding = 'UTF-8'?>
<Diagram class="oracle.dbtools.crest.swingui.logical.DPVLogical" name="Logical" id="FD539BD4-EB7E-3373-4784-0D76A07B7705">
<createdBy>DAKI</createdBy>
<modifiedBy>DAKI</modifiedBy>
<createdTime>2025-06-24 15:46:08 UTC</createdTime>
<autoRoute>false</autoRoute>
<boxInbox>true</boxInbox>
<showLegend>false</showLegend>
<showLabels>false</showLabels>
<showRelAttributes>false</showRelAttributes>
<gridEnabled>false</gridEnabled>
<showGrid>false</showGrid>
<diagramColor>-1</diagramColor>
<display>false</display>
<notation>1</notation>
<objectViews>
<OView class="oracle.dbtools.crest.swingui.logical.TVEntity" oid="449F8EA6-0D1A-8B58-3973-0A5800B4DAC1" otype="Entity" vid="DB8F0BD5-B171-BA84-BC37-767C50D96859">
<hideElementsInCurrentOnly>false</hideElementsInCurrentOnly>
<bounds x="542" y="456" width="200" height="181"/>
</OView>
<OView class="oracle.dbtools.crest.swingui.logical.TVEntity" oid="BD026665-135C-CE19-C591-246057E60937" otype="Entity" vid="57ADE680-804E-D37E-C1EA-B5B3E6B7A1F8">
<hideElementsInCurrentOnly>false</hideElementsInCurrentOnly>
<bounds x="82" y="122" width="175" height="144"/>
</OView>
<OView class="oracle.dbtools.crest.swingui.logical.TVEntity" oid="C9260A9E-6A1B-BD4A-EC17-54093F9A1778" otype="Entity" vid="007AED26-DDCD-8FE1-6E8A-77E4130DD67F">
<hideElementsInCurrentOnly>false</hideElementsInCurrentOnly>
<bounds x="540" y="120" width="180" height="144"/>
</OView>
</objectViews>
<connectors>
<Connector class="oracle.dbtools.crest.swingui.logical.TVRelation" oid="09CB3814-ED1A-54DF-21D4-F1ADF6172EC6" otype="Relation" vid_source="57ADE680-804E-D37E-C1EA-B5B3E6B7A1F8" vid_target="007AED26-DDCD-8FE1-6E8A-77E4130DD67F">
<hideElementsInCurrentOnly>false</hideElementsInCurrentOnly>
<backgroundColor>-16777216</backgroundColor>
<lineWidth>1</lineWidth>
<points>
<point x="257" y="193"/>
<point x="540" y="193"/>
</points>
</Connector>
<Connector class="oracle.dbtools.crest.swingui.logical.TVRelation" oid="7B0AA2BD-BEB0-703C-1D21-4BA65E60F954" otype="Relation" vid_source="DB8F0BD5-B171-BA84-BC37-767C50D96859" vid_target="007AED26-DDCD-8FE1-6E8A-77E4130DD67F">
<hideElementsInCurrentOnly>false</hideElementsInCurrentOnly>
<backgroundColor>-16777216</backgroundColor>
<lineWidth>1</lineWidth>
<points>
<point x="646" y="456"/>
<point x="646" y="264"/>
</points>
</Connector>
</connectors>
</Diagram>