<?xml version = '1.0' encoding = 'UTF-8'?>
<Diagram class="oracle.dbtools.crest.swingui.relational.DPVRelational" name="Relational_1" id="F7D50F7A-414B-D439-6577-EC8ABE91CAA7">
<createdBy>DAKI</createdBy>
<modifiedBy>DAKI</modifiedBy>
<createdTime>2025-06-24 15:53:24 UTC</createdTime>
<autoRoute>false</autoRoute>
<boxInbox>true</boxInbox>
<showLegend>false</showLegend>
<showLabels>false</showLabels>
<showRelAttributes>false</showRelAttributes>
<gridEnabled>false</gridEnabled>
<showGrid>false</showGrid>
<diagramColor>-1</diagramColor>
<display>false</display>
<notation>1</notation>
<objectViews>
<OView class="oracle.dbtools.crest.swingui.relational.TVTable" oid="59E73534-7C89-0717-098B-211DF15CB25A" otype="Table" vid="70F3C3FC-A4D5-76D4-21F6-040C5272CB87">
<hideElementsInCurrentOnly>false</hideElementsInCurrentOnly>
<bounds x="562" y="486" width="200" height="181"/>
</OView>
<OView class="oracle.dbtools.crest.swingui.relational.TVTable" oid="8111A144-2B9B-8F41-85FF-4150211F7831" otype="Table" vid="87EC5124-3536-FD34-9A39-DE9094A901E9">
<hideElementsInCurrentOnly>false</hideElementsInCurrentOnly>
<bounds x="357" y="288" width="218" height="110"/>
</OView>
<OView class="oracle.dbtools.crest.swingui.relational.TVTable" oid="A578C7A7-2C04-3FB4-5935-A295C5456B27" otype="Table" vid="4F0AA550-235E-D101-F0BD-1E6A8BFA9E27">
<hideElementsInCurrentOnly>false</hideElementsInCurrentOnly>
<bounds x="679" y="292" width="235" height="110"/>
</OView>
<OView class="oracle.dbtools.crest.swingui.relational.TVTable" oid="B8D055EB-7412-C43E-D32B-B21B5BEC7192" otype="Table" vid="96D8D7E2-6466-662C-9D2F-FE104104FC4F">
<hideElementsInCurrentOnly>false</hideElementsInCurrentOnly>
<bounds x="53" y="39" width="199" height="144"/>
</OView>
<OView class="oracle.dbtools.crest.swingui.relational.TVTable" oid="C1B27F1E-1E4C-3F2E-2ED3-D9B1D63A076D" otype="Table" vid="14FD4EAD-FE0F-B3FC-0FD1-DF485E9E83D3">
<hideElementsInCurrentOnly>false</hideElementsInCurrentOnly>
<bounds x="305" y="54" width="215" height="110"/>
</OView>
<OView class="oracle.dbtools.crest.swingui.relational.TVTable" oid="EC16B3AE-000A-68D9-59ED-990CA050C1B8" otype="Table" vid="CBBBD74D-D558-0281-9756-A88CAFF7F62D">
<hideElementsInCurrentOnly>false</hideElementsInCurrentOnly>
<bounds x="566" y="23" width="212" height="144"/>
</OView>
</objectViews>
<connectors>
<Connector class="oracle.dbtools.crest.swingui.relational.TVFKRelation" oid="1332EF10-F4CD-0223-49FC-09AA216F91FF" otype="FKIndexAssociation" vid_source="96D8D7E2-6466-662C-9D2F-FE104104FC4F" vid_target="14FD4EAD-FE0F-B3FC-0FD1-DF485E9E83D3">
<hideElementsInCurrentOnly>false</hideElementsInCurrentOnly>
<backgroundColor>-16777216</backgroundColor>
<lineWidth>1</lineWidth>
<points>
<point x="252" y="109"/>
<point x="305" y="109"/>
</points>
</Connector>
<Connector class="oracle.dbtools.crest.swingui.relational.TVFKRelation" oid="2049E8A9-982C-4481-7DFB-FA9D2F75392E" otype="FKIndexAssociation" vid_source="CBBBD74D-D558-0281-9756-A88CAFF7F62D" vid_target="14FD4EAD-FE0F-B3FC-0FD1-DF485E9E83D3">
<hideElementsInCurrentOnly>false</hideElementsInCurrentOnly>
<backgroundColor>-16777216</backgroundColor>
<lineWidth>1</lineWidth>
<points>
<point x="566" y="109"/>
<point x="520" y="109"/>
</points>
</Connector>
<Connector class="oracle.dbtools.crest.swingui.relational.TVFKRelation" oid="21AD04B8-797F-0039-AAC0-9F5AF3AB4D1C" otype="FKIndexAssociation" vid_source="70F3C3FC-A4D5-76D4-21F6-040C5272CB87" vid_target="4F0AA550-235E-D101-F0BD-1E6A8BFA9E27">
<hideElementsInCurrentOnly>false</hideElementsInCurrentOnly>
<backgroundColor>-16777216</backgroundColor>
<lineWidth>1</lineWidth>
<points>
<point x="720" y="486"/>
<point x="720" y="402"/>
</points>
</Connector>
<Connector class="oracle.dbtools.crest.swingui.relational.TVFKRelation" oid="9D764134-094E-0937-72A5-ADBDB2F8BB49" otype="FKIndexAssociation" vid_source="CBBBD74D-D558-0281-9756-A88CAFF7F62D" vid_target="87EC5124-3536-FD34-9A39-DE9094A901E9">
<hideElementsInCurrentOnly>false</hideElementsInCurrentOnly>
<backgroundColor>-16777216</backgroundColor>
<lineWidth>1</lineWidth>
<points>
<point x="570" y="167"/>
<point x="570" y="288"/>
</points>
</Connector>
<Connector class="oracle.dbtools.crest.swingui.relational.TVFKRelation" oid="CADB51AD-CA5C-9E00-DBEB-01B616A7780B" otype="FKIndexAssociation" vid_source="CBBBD74D-D558-0281-9756-A88CAFF7F62D" vid_target="4F0AA550-235E-D101-F0BD-1E6A8BFA9E27">
<hideElementsInCurrentOnly>false</hideElementsInCurrentOnly>
<backgroundColor>-16777216</backgroundColor>
<lineWidth>1</lineWidth>
<points>
<point x="728" y="167"/>
<point x="728" y="292"/>
</points>
</Connector>
<Connector class="oracle.dbtools.crest.swingui.relational.TVFKRelation" oid="F20EAEFB-20BE-D0BD-2C7D-244AE17CC3E1" otype="FKIndexAssociation" vid_source="70F3C3FC-A4D5-76D4-21F6-040C5272CB87" vid_target="87EC5124-3536-FD34-9A39-DE9094A901E9">
<hideElementsInCurrentOnly>false</hideElementsInCurrentOnly>
<backgroundColor>-16777216</backgroundColor>
<lineWidth>1</lineWidth>
<points>
<point x="568" y="486"/>
<point x="568" y="398"/>
</points>
</Connector>
</connectors>
</Diagram>