<?xml version = '1.0' encoding = 'UTF-8'?>
<FKIndexAssociation class="oracle.dbtools.crest.model.design.relational.FKIndexAssociation" directorySegmentName="seg_0" id="1F0ADC68-CEAE-BB24-F4E1-E4B119F78787" containerWithKeyObject="9B571058-AF65-F638-A0DE-2117CF22B510" localFKIndex="4402C2D1-2E2C-10E5-8E68-899268D68592" name="Pozajmiti_Clan_FK">
<createdBy>DAKI</createdBy>
<createdTime>2025-06-24 17:08:14 UTC</createdTime>
<generatorID>7B0AA2BD-BEB0-703C-1D21-4BA65E60F954</generatorID>
<ownerDesignName>projekatC</ownerDesignName>
<referredTableLongName>dm64924_clan</referredTableLongName>
<deleteRule>NO ACTION</deleteRule>
<referredTableID>29AA9448-ED53-F11E-F567-4F25766892B1</referredTableID>
<keyObject>3FA64EAB-732A-8A6E-154F-CA22E67C198A</keyObject>
<referredKeyID>3FA64EAB-732A-8A6E-154F-CA22E67C198A</referredKeyID>
<mandatory>true</mandatory>
<refColNames>IDC</refColNames>
<transferable>true</transferable>
<rely>false</rely>
<columnDependencyConstraintGenerateInDDL>true</columnDependencyConstraintGenerateInDDL>
</FKIndexAssociation>