<?xml version = '1.0' encoding = 'UTF-8'?>
<FKIndexAssociation class="oracle.dbtools.crest.model.design.relational.FKIndexAssociation" directorySegmentName="seg_0" id="5A777E3A-8E44-6D7B-D3BC-AA4FF6759775" containerWithKeyObject="A1B56C7F-001A-2609-391A-025A0145C8E5" localFKIndex="D802F384-0846-7144-A2D9-573328EE7CD3" name="Napisati_Knjiga_FK">
<createdBy>DAKI</createdBy>
<createdTime>2025-06-24 17:08:14 UTC</createdTime>
<generatorID>09CB3814-ED1A-54DF-21D4-F1ADF6172EC6</generatorID>
<ownerDesignName>projekatC</ownerDesignName>
<referredTableLongName>dm64924_knjiga</referredTableLongName>
<deleteRule>NO ACTION</deleteRule>
<referredTableID>DC1E2D92-DF7F-13CD-45BF-BDC5B22D031F</referredTableID>
<keyObject>93D7ADD8-190A-A7C6-72CC-63A3EB35A5C1</keyObject>
<referredKeyID>93D7ADD8-190A-A7C6-72CC-63A3EB35A5C1</referredKeyID>
<mandatory>true</mandatory>
<refColNames>IDK</refColNames>
<transferable>true</transferable>
<rely>false</rely>
<columnDependencyConstraintGenerateInDDL>true</columnDependencyConstraintGenerateInDDL>
</FKIndexAssociation>