<?xml version = '1.0' encoding = 'UTF-8'?>
<FKIndexAssociation class="oracle.dbtools.crest.model.design.relational.FKIndexAssociation" directorySegmentName="seg_0" id="878C9DCC-F404-0618-9D5A-21D388749DC7" containerWithKeyObject="9B571058-AF65-F638-A0DE-2117CF22B510" localFKIndex="4DF9C0C1-B808-7AE2-A704-171482003198" name="Pozajmiti_Knjiga_FK">
<createdBy>DAKI</createdBy>
<createdTime>2025-06-24 17:08:14 UTC</createdTime>
<generatorID>7B0AA2BD-BEB0-703C-1D21-4BA65E60F954</generatorID>
<ownerDesignName>projekatC</ownerDesignName>
<referredTableLongName>dm64924_knjiga</referredTableLongName>
<deleteRule>NO ACTION</deleteRule>
<referredTableID>DC1E2D92-DF7F-13CD-45BF-BDC5B22D031F</referredTableID>
<keyObject>93D7ADD8-190A-A7C6-72CC-63A3EB35A5C1</keyObject>
<referredKeyID>93D7ADD8-190A-A7C6-72CC-63A3EB35A5C1</referredKeyID>
<mandatory>true</mandatory>
<refColNames>IDK</refColNames>
<transferable>true</transferable>
<rely>false</rely>
<columnDependencyConstraintGenerateInDDL>true</columnDependencyConstraintGenerateInDDL>
</FKIndexAssociation>