<?xml version = '1.0' encoding = 'UTF-8'?>
<FKIndexAssociation class="oracle.dbtools.crest.model.design.relational.FKIndexAssociation" directorySegmentName="seg_0" id="A554CBF1-C967-C191-DB62-8390BD4E9BAF" containerWithKeyObject="A1B56C7F-001A-2609-391A-025A0145C8E5" localFKIndex="05035F76-CBC4-4272-342F-FE4785EEEF6E" name="Napisati_Autor_FK">
<createdBy>DAKI</createdBy>
<createdTime>2025-06-24 17:08:14 UTC</createdTime>
<generatorID>09CB3814-ED1A-54DF-21D4-F1ADF6172EC6</generatorID>
<ownerDesignName>projekatC</ownerDesignName>
<referredTableLongName>dm64924_autor</referredTableLongName>
<deleteRule>NO ACTION</deleteRule>
<referredTableID>4291F9B5-0A70-B47B-1E42-5FA7DB7CEF52</referredTableID>
<keyObject>7A980030-E291-C852-57E4-E26CE936570E</keyObject>
<referredKeyID>7A980030-E291-C852-57E4-E26CE936570E</referredKeyID>
<mandatory>true</mandatory>
<refColNames>IDA</refColNames>
<transferable>true</transferable>
<rely>false</rely>
<columnDependencyConstraintGenerateInDDL>true</columnDependencyConstraintGenerateInDDL>
</FKIndexAssociation>