<?xml version = '1.0' encoding = 'UTF-8'?>
<Diagram class="oracle.dbtools.crest.swingui.relational.DPVRelational" name="Relational_1" id="A76AD1BB-8A0B-E14E-7382-F8F7BA5BB897">
<createdBy>DAKI</createdBy>
<modifiedBy>DAKI</modifiedBy>
<createdTime>2025-06-24 16:10:41 UTC</createdTime>
<autoRoute>false</autoRoute>
<boxInbox>true</boxInbox>
<showLegend>false</showLegend>
<showLabels>false</showLabels>
<showRelAttributes>false</showRelAttributes>
<gridEnabled>false</gridEnabled>
<showGrid>false</showGrid>
<diagramColor>-1</diagramColor>
<display>false</display>
<notation>1</notation>
<objectViews>
<OView class="oracle.dbtools.crest.swingui.relational.TVTable" oid="34566998-042D-C0EA-F2B8-179F9CC248B5" otype="Table" vid="B29DCE9D-C7E9-4F28-6C5F-E3AC574D28F7">
<hideElementsInCurrentOnly>false</hideElementsInCurrentOnly>
<bounds x="353" y="74" width="208" height="135"/>
</OView>
<OView class="oracle.dbtools.crest.swingui.relational.TVTable" oid="7B61F8A3-4730-A4E0-AF0B-D6E3E102292E" otype="Table" vid="226E8E31-F38A-7CBA-914F-F45A5A103FFA">
<hideElementsInCurrentOnly>false</hideElementsInCurrentOnly>
<bounds x="631" y="302" width="226" height="147"/>
</OView>
<OView class="oracle.dbtools.crest.swingui.relational.TVTable" oid="87976EBB-AE9E-0BDC-B35C-FB36DA79A67B" otype="Table" vid="E1EB4E78-3734-907F-E7FD-812E853BB75F">
<hideElementsInCurrentOnly>false</hideElementsInCurrentOnly>
<bounds x="635" y="538" width="215" height="102"/>
</OView>
<OView class="oracle.dbtools.crest.swingui.relational.TVTable" oid="99886C8F-1213-EA0A-D16A-68219502406C" otype="Table" vid="6E983287-722C-9933-8BB0-94C23FE18258">
<hideElementsInCurrentOnly>false</hideElementsInCurrentOnly>
<bounds x="655" y="74" width="205" height="144"/>
</OView>
<OView class="oracle.dbtools.crest.swingui.relational.TVTable" oid="CDF7938A-3202-9741-E9DC-D9AAB50A39E9" otype="Table" vid="51998035-57F2-B499-AECC-DD47A1AF903D">
<hideElementsInCurrentOnly>false</hideElementsInCurrentOnly>
<bounds x="59" y="84" width="215" height="110"/>
</OView>
</objectViews>
<connectors>
<Connector class="oracle.dbtools.crest.swingui.relational.TVFKRelation" oid="034E9260-8125-3433-AD24-3963FB24B03B" otype="FKIndexAssociation" vid_source="6E983287-722C-9933-8BB0-94C23FE18258" vid_target="B29DCE9D-C7E9-4F28-6C5F-E3AC574D28F7">
<hideElementsInCurrentOnly>false</hideElementsInCurrentOnly>
<backgroundColor>-16777216</backgroundColor>
<lineWidth>1</lineWidth>
<points>
<point x="655" y="141"/>
<point x="561" y="141"/>
</points>
</Connector>
<Connector class="oracle.dbtools.crest.swingui.relational.TVFKRelation" oid="1824FAA4-2308-F014-22E8-AF7E61732C68" otype="FKIndexAssociation" vid_source="6E983287-722C-9933-8BB0-94C23FE18258" vid_target="226E8E31-F38A-7CBA-914F-F45A5A103FFA">
<hideElementsInCurrentOnly>false</hideElementsInCurrentOnly>
<backgroundColor>-16777216</backgroundColor>
<lineWidth>1</lineWidth>
<points>
<point x="756" y="218"/>
<point x="756" y="302"/>
</points>
</Connector>
<Connector class="oracle.dbtools.crest.swingui.relational.TVFKRelation" oid="491923BA-CCB8-65DB-2A5E-82F95F9CCBC7" otype="FKIndexAssociation" vid_source="E1EB4E78-3734-907F-E7FD-812E853BB75F" vid_target="226E8E31-F38A-7CBA-914F-F45A5A103FFA">
<hideElementsInCurrentOnly>false</hideElementsInCurrentOnly>
<backgroundColor>-16777216</backgroundColor>
<lineWidth>1</lineWidth>
<points>
<point x="742" y="538"/>
<point x="742" y="449"/>
</points>
</Connector>
<Connector class="oracle.dbtools.crest.swingui.relational.TVFKRelation" oid="F4CC226D-6B91-DBD7-1F61-5DEAC6339BF4" otype="FKIndexAssociation" vid_source="51998035-57F2-B499-AECC-DD47A1AF903D" vid_target="B29DCE9D-C7E9-4F28-6C5F-E3AC574D28F7">
<hideElementsInCurrentOnly>false</hideElementsInCurrentOnly>
<backgroundColor>-16777216</backgroundColor>
<lineWidth>1</lineWidth>
<points>
<point x="274" y="139"/>
<point x="353" y="139"/>
</points>
</Connector>
</connectors>
</Diagram>