<?xml version = '1.0' encoding = 'UTF-8'?>
<Diagram class="oracle.dbtools.crest.swingui.relational.DPVRelational" name="Relational_8" id="895AB269-AF22-8728-E9C2-1C93D4E6D6B2">
<createdBy>DAKI</createdBy>
<modifiedBy>DAKI</modifiedBy>
<createdTime>2025-07-08 09:48:51 UTC</createdTime>
<autoRoute>false</autoRoute>
<boxInbox>true</boxInbox>
<showLegend>false</showLegend>
<showLabels>false</showLabels>
<showRelAttributes>false</showRelAttributes>
<gridEnabled>false</gridEnabled>
<showGrid>false</showGrid>
<diagramColor>-1</diagramColor>
<display>false</display>
<notation>1</notation>
<objectViews>
<OView class="oracle.dbtools.crest.swingui.relational.TVTable" oid="1563D3F7-3004-8671-0176-CAB41DF35B62" otype="Table" vid="FFF11EB6-0881-6EED-0E85-D9E63CC05EA7">
<hideElementsInCurrentOnly>false</hideElementsInCurrentOnly>
<bounds x="801" y="108" width="229" height="144"/>
</OView>
<OView class="oracle.dbtools.crest.swingui.relational.TVTable" oid="1E5B53E9-40FD-619E-F3E0-4F222436FDBE" otype="Table" vid="7EA8D805-B043-B824-648D-777208150E63">
<hideElementsInCurrentOnly>false</hideElementsInCurrentOnly>
<bounds x="819" y="548" width="231" height="128"/>
</OView>
<OView class="oracle.dbtools.crest.swingui.relational.TVTable" oid="5816C935-06EC-E0FE-A4D7-6D9C3191F57F" otype="Table" vid="DD68B6F9-477D-2EEE-787B-9706308CE3A4">
<hideElementsInCurrentOnly>false</hideElementsInCurrentOnly>
<bounds x="418" y="125" width="225" height="119"/>
</OView>
<OView class="oracle.dbtools.crest.swingui.relational.TVTable" oid="717F0A1F-7647-F93A-48C0-9F5052DEDE83" otype="Table" vid="E1CC7CD3-D462-900E-49EA-67B3CB50C1C7">
<hideElementsInCurrentOnly>false</hideElementsInCurrentOnly>
<bounds x="819" y="321" width="209" height="140"/>
</OView>
<OView class="oracle.dbtools.crest.swingui.relational.TVTable" oid="7F09DEF7-89BA-C044-F3C6-FFC170AA0105" otype="Table" vid="5751BD76-A249-A6FC-F69B-3E84EA556ABE">
<hideElementsInCurrentOnly>false</hideElementsInCurrentOnly>
<bounds x="73" y="116" width="214" height="135"/>
</OView>
</objectViews>
<connectors>
<Connector class="oracle.dbtools.crest.swingui.relational.TVFKRelation" oid="2FBC19A8-2C68-306B-200B-759FBA9D1C58" otype="FKIndexAssociation" vid_source="FFF11EB6-0881-6EED-0E85-D9E63CC05EA7" vid_target="E1CC7CD3-D462-900E-49EA-67B3CB50C1C7">
<hideElementsInCurrentOnly>false</hideElementsInCurrentOnly>
<backgroundColor>-16777216</backgroundColor>
<lineWidth>1</lineWidth>
<points>
<point x="923" y="252"/>
<point x="923" y="321"/>
</points>
</Connector>
<Connector class="oracle.dbtools.crest.swingui.relational.TVFKRelation" oid="5045B8F7-03EC-F52C-1808-6E1F1664F7F8" otype="FKIndexAssociation" vid_source="FFF11EB6-0881-6EED-0E85-D9E63CC05EA7" vid_target="DD68B6F9-477D-2EEE-787B-9706308CE3A4">
<hideElementsInCurrentOnly>false</hideElementsInCurrentOnly>
<backgroundColor>-16777216</backgroundColor>
<lineWidth>1</lineWidth>
<points>
<point x="801" y="184"/>
<point x="643" y="184"/>
</points>
</Connector>
<Connector class="oracle.dbtools.crest.swingui.relational.TVFKRelation" oid="568AF4A6-FF37-8035-2671-3DEB99E055AD" otype="FKIndexAssociation" vid_source="7EA8D805-B043-B824-648D-777208150E63" vid_target="E1CC7CD3-D462-900E-49EA-67B3CB50C1C7">
<hideElementsInCurrentOnly>false</hideElementsInCurrentOnly>
<backgroundColor>-16777216</backgroundColor>
<lineWidth>1</lineWidth>
<points>
<point x="923" y="548"/>
<point x="923" y="461"/>
</points>
</Connector>
<Connector class="oracle.dbtools.crest.swingui.relational.TVFKRelation" oid="5BEEA2B0-C155-52F2-163E-0718C515CF6F" otype="FKIndexAssociation" vid_source="5751BD76-A249-A6FC-F69B-3E84EA556ABE" vid_target="DD68B6F9-477D-2EEE-787B-9706308CE3A4">
<hideElementsInCurrentOnly>false</hideElementsInCurrentOnly>
<backgroundColor>-16777216</backgroundColor>
<lineWidth>1</lineWidth>
<points>
<point x="287" y="184"/>
<point x="418" y="184"/>
</points>
</Connector>
</connectors>
</Diagram>